,holdout_prices
0,612019.7478370667
1,647432.5698032379
2,383173.411067009
3,418305.7789258957
4,522013.32216739655
5,657304.3366804123
6,384050.7536754608
7,289020.2543182373
8,457465.4136762619
9,316277.24365615845
10,556083.5462627411
11,463054.39200782776
12,562879.8809337616
13,312153.55016613007
14,383094.70240211487
15,756222.3430156708
16,948326.1676197052
17,629933.6159133911
18,483505.1930809021
19,229580.91479492188
20,554451.3223104477
21,426943.2026615143
22,1862172.9016227722
23,240247.25988388062
24,277524.0552406311
25,208873.067984581
26,536599.3922157288
27,376002.7329483032
28,537943.2343921661
29,236718.87762260437
30,597269.9545526505
31,636173.6132087708
32,438062.6414003372
33,514617.6092739105
34,1210999.82346344
35,789319.3895721436
36,182189.39358329773
37,481567.43640995026
38,1547011.5519857407
39,230183.61289978027
40,303823.10558509827
41,478555.8715028763
42,386330.2223777771
43,393957.20830345154
44,396494.5166492462
45,591287.578327179
46,835237.0621099472
47,562723.8405828476
48,737616.994966507
49,420255.08237171173
50,274270.0095100403
51,1134086.7850131989
52,524435.0370054245
53,240375.77533340454
54,652940.0866718292
55,426534.93103313446
56,456484.01309013367
57,877369.686249733
58,239368.543302536
59,585587.6563663483
60,530736.4515161514
61,370306.7028198242
62,593518.238368988
63,1060028.2954149246
64,528339.0439414978
65,420685.5308666229
66,1129834.6033658981
67,461386.17625808716
68,421939.92119312286
69,656211.4998025894
70,896725.1575622559
71,489137.4046678543
72,1071257.2140331268
73,174430.30203723907
74,420575.0659151077
75,775385.90508461
76,748389.3504095078
77,302375.0309705734
78,283886.9885263443
79,374972.3759651184
80,384852.76588630676
81,635554.1371040344
82,373442.04201602936
83,858040.5178184509
84,962422.2908382416
85,241124.71723365784
86,686077.5983362198
87,376451.5730457306
88,189569.33123588562
89,421735.72676754
90,290534.7471561432
91,488651.9180202484
92,515247.42981243134
93,560509.6805438995
94,440423.64482688904
95,790437.2912721634
96,410291.87331581116
97,404551.04507541656
98,317302.3912830353
99,755475.3903980255
100,341890.77475738525
101,658403.2610340118
102,184595.8010787964
103,449352.62290382385
104,182444.00474643707
105,403915.5956249237
106,971719.2679729462
107,466653.55195236206
108,299370.60488319397
109,239723.7607498169
110,536748.0878267288
111,2034259.0456733704
112,844050.371137619
113,297090.09328842163
114,340934.4110136032
115,422500.9036388397
116,623673.7401199341
117,1252749.047651291
118,495337.1576414108
119,262771.6499519348
120,541905.7396335602
121,667897.5133361816
122,1311739.7678813934
123,520834.08821105957
124,743041.6957187653
125,361290.59945964813
126,262200.2298851013
127,443683.80776691437
128,325255.45203876495
129,209651.52018356323
130,411647.45819473267
131,157721.58359527588
132,278521.0063447952
133,598425.2896642685
134,300146.75232982635
135,699727.3995494843
136,642799.0181560516
137,418908.72062015533
138,292242.68140411377
139,517548.6795797348
140,413899.14940166473
141,663897.4578409195
142,257482.1184911728
143,475061.697019577
144,343770.52136421204
145,430823.7733297348
146,261619.8365650177
147,574969.6825733185
148,315533.70775318146
149,338573.1725578308
150,351195.1270837784
151,425535.4723625183
152,580348.8044967651
153,510989.8398170471
154,646517.8469419479
155,777797.301235199
156,424933.66717910767
157,412952.0865650177
158,258104.90927124023
159,558069.359664917
160,635347.536945343
161,535800.1735248566
162,250643.4292564392
163,619961.3269147873
164,455171.5084848404
165,614280.7563018799
166,478579.32435798645
167,425191.2455711365
168,351433.9788265228
169,1574819.8606834412
170,196265.92307567596
171,407895.6414203644
172,430594.561167717
173,548419.9024534225
174,468620.4488925934
175,698850.3423023224
176,349272.41750717163
177,340175.40042209625
178,293443.6224308014
179,213574.2567539215
180,1335269.2479629517
181,607322.9626159668
182,822392.8580121994
183,590797.160328865
184,1183828.730225563
185,461490.80858039856
186,565368.9396438599
187,170556.57724571228
188,549330.3609457016
189,259079.30548095703
190,432077.27948760986
191,810766.9503669739
192,344073.4343805313
193,349920.14711380005
194,335896.18610191345
195,375071.3692626953
196,353300.4129343033
197,553273.096165657
198,425142.00797462463
199,383586.9259605408
200,270433.545832634
201,342847.63001441956
202,421860.2526369095
203,685481.9657592773
204,920531.7365493774
205,269548.6413860321
206,191724.88123989105
207,439176.89566993713
208,898764.7035427094
209,261464.40134429932
210,215722.48340034485
211,618432.8140907288
212,542666.7890806198
213,265322.4328517914
214,295265.0711965561
215,645877.9773130417
216,267868.60820007324
217,583424.5700902939
218,1599348.347984314
219,368236.0859565735
220,333491.224193573
221,713058.0778684616
222,438977.1644668579
223,1204580.6688919067
224,583723.0232553482
225,423959.2779445648
226,727376.8121471405
227,369198.30993175507
228,287147.91108322144
229,668335.0122966766
230,592175.9865140915
231,1068773.7609376907
232,553251.3613595963
233,234256.61089134216
234,283039.811999321
235,531911.323009491
236,570684.2588710785
237,535016.6814632416
238,70394.34751319885
239,440855.2198371887
240,636236.1844415665
241,270651.1523551941
242,534891.0810251236
243,181164.961019516
244,312547.23072624207
245,448740.16300582886
246,191285.58269691467
247,655359.2229681015
248,386609.92533397675
249,512034.94952487946
250,428504.27262306213
251,762230.9925842285
252,369165.3127937317
253,447969.73980903625
254,405226.61176395416
255,434931.4088420868
256,396684.85165691376
257,377728.18779087067
258,648035.4143257141
259,367170.15545654297
260,415667.73170280457
261,1050191.6959133148
262,543935.2504444122
263,600396.014966011
264,292013.1640968323
265,563075.887843132
266,458116.48456573486
267,355355.18505096436
268,2357660.2720947266
269,314180.7270040512
270,1016390.9628429413
271,1227796.2932538986
272,171491.3049812317
273,485465.7904186249
274,527065.1591119766
275,452752.6498718262
276,906368.0059461594
277,296619.0938920975
278,549085.734035492
279,875852.1029977798
280,790457.0552072525
281,612758.5361099243
282,277718.1217536926
283,320577.78635406494
284,440698.6020259857
285,798313.0294523239
286,355628.3468551636
287,401218.64008903503
288,251560.76708507538
289,410290.1278362274
290,158944.17083835602
291,160372.90544319153
292,684126.1592006683
293,222283.88659000397
294,461784.8309288025
295,599510.1296710968
296,833583.2297382355
297,460175.9178009033
298,965192.6697406769
299,456856.9729862213
300,565652.2822971344
301,374962.4507045746
302,293619.40499687195
303,778185.1183729172
304,724330.8344621658
305,395433.89947605133
306,930447.858833313
307,581545.1355762482
308,257946.2831878662
309,235381.36563777924
310,1414830.8991622925
311,1089902.4965696335
312,183855.49714660645
313,187900.25669193268
314,176288.21984100342
315,166228.5268650055
316,606090.6663188934
317,506063.12795734406
318,913985.507349968
319,476070.698846817
320,293591.6864824295
321,308457.8332414627
322,688280.043252945
323,218829.37447929382
324,214358.7181043625
325,239507.9284915924
326,373410.87058258057
327,281783.77921772003
328,467018.9241056442
329,569572.8566846848
330,317122.1028652191
331,405756.3065776825
332,551736.6550312042
333,185194.0491886139
334,345770.9177455902
335,532636.037437439
336,666905.9494552612
337,481589.25984477997
338,180445.08830451965
339,1093968.389456749
340,543129.0225410461
341,236902.36632156372
342,834286.3222455978
343,519739.2983779907
344,379088.0965795517
345,326175.3377571106
346,464730.944396019
347,470014.14032173157
348,692892.5137271881
349,325102.9553003311
350,858769.4857902527
351,387192.24009513855
352,493945.34293556213
353,602506.8684177399
354,364098.0636138916
355,262221.573513031
356,575062.8546619415
357,2096679.452281952
358,931718.3073196411
359,1076092.4036483765
360,418967.8345184326
361,281037.81593704224
362,379138.89223480225
363,616007.6903419495
364,413429.94480895996
365,634867.7580270767
366,629226.8630943298
367,1266279.753484726
368,287329.2650899887
369,483219.27009391785
370,602269.9577379227
371,236976.10998535156
372,333418.6034832001
373,640967.4684925079
374,210333.77317237854
375,752446.9956130981
376,746860.5175189972
377,568612.4265670776
378,439378.88853263855
379,453792.50203704834
380,587324.1859092712
381,442871.02444553375
382,746421.2297391891
383,230198.46692752838
384,559140.7873649597
385,594991.8978738785
386,472887.06192970276
387,765875.0735769272
388,817735.5025959015
389,1887844.500699997
390,394153.4185914993
391,725762.2494029999
392,671354.4086360931
393,547536.0706243515
394,233023.00980567932
395,396848.80354595184
396,815945.1012649536
397,445730.2900066376
398,638348.3645620346
399,607051.3185567856
400,1112311.7632989883
401,454389.4206380844
402,630010.7807741165
403,270828.96959114075
404,263046.3062095642
405,282856.1395177841
406,716055.746711731
407,417536.61602020264
408,298233.0345697403
409,451134.5900173187
410,412850.4036474228
411,321310.7293949127
412,590893.5059509277
413,684414.5673837662
414,273374.49934387207
415,499266.46659469604
416,196793.57848453522
417,798099.052573204
418,358034.3306312561
419,736227.7648792267
420,450559.8097858429
421,775695.6625423431
422,571400.5162239075
423,615447.0701541901
424,263740.84332466125
425,671911.378358841
426,532362.8523931503
427,205901.51141166687
428,426991.54591560364
429,486905.17781066895
430,454133.50482082367
431,1070254.8836975098
432,276663.94470596313
433,935037.8218021393
434,464818.04652786255
435,449638.87569618225
436,471434.9057979584
437,663496.0383501053
438,418324.3337459564
439,543597.1469430923
440,475284.38387966156
441,566056.1628341675
442,597755.7133140564
443,584984.6141586304
444,945150.8761291504
445,374111.7444791794
446,333612.0933570862
447,397424.07637023926
448,447072.9509792328
449,335585.18847084045
450,315935.945350647
451,863672.2397327423
452,644012.1545410156
453,835184.7409353256
454,1031298.2178897858
455,248098.8617630005
456,460078.75047302246
457,393842.9406003952
458,526068.0514068604
459,356945.32131004333
460,407804.69703006744
461,166849.57608795166
462,840761.5512418747
463,113544.89524555206
464,363494.24866104126
465,522728.1929397583
466,1484769.0082378387
467,542276.4707813263
468,399681.22256469727
469,542732.3602924347
470,370672.0221500397
471,459575.1271724701
472,258409.90312957764
473,592151.4900369644
474,603601.5651655197
475,459191.38013362885
476,473160.42092704773
477,1559971.2142181396
478,343748.287940979
479,447158.1636657715
480,697876.7965164185
481,295247.40121650696
482,355478.66027259827
483,424486.9154968262
484,653646.2471313477
485,478832.7520465851
486,737110.8546590805
487,354884.67681121826
488,696264.4163036346
489,833141.4726810455
490,724786.4120321274
491,610942.2362632751
492,136009.08028030396
493,386746.33391952515
494,307692.2648277283
495,507381.2997379303
496,693541.9932842255
497,710171.814119339
498,403395.49773979187
499,392234.13037872314
500,285355.9025440216
501,649551.3662776947
502,403290.0341901779
503,497321.48649024963
504,486329.69041347504
505,432808.47007751465
506,583934.858464241
507,258921.45904541016
508,264293.71002388
509,282317.7374076843
510,622421.2178821564
511,486341.44410705566
512,394320.03360939026
513,593991.7662830353
514,538261.8923778534
515,370779.3958501816
516,475282.7562379837
517,245461.73811531067
518,389543.71277809143
519,912211.3690605164
520,292726.00105285645
521,217382.46157932281
522,585877.4887685776
523,602414.7090854645
524,330548.62295913696
525,773256.2289619446
526,660271.731554985
527,653433.6236686707
528,446150.89618873596
529,98642.00435733795
530,278673.8484840393
531,504258.7101421356
532,754247.6011381149
533,609026.2857894897
534,406018.78818130493
535,250959.94984722137
536,275018.8982849121
537,872733.2557125092
538,656993.2411260605
539,466067.58159065247
540,359452.52388095856
541,571898.0562610626
542,636997.2246990204
543,496149.9999895096
544,515941.69034957886
545,514934.7750930786
546,303764.7747564316
547,527806.3342952728
548,1250310.836763382
549,289811.19024658203
550,187273.47980976105
551,175671.82307243347
552,367212.7929210663
553,264480.15554237366
554,953699.13160038
555,228559.2410211563
556,591519.5990352631
557,414777.05985069275
558,718415.1053981781
559,539939.3209648132
560,497919.9376678467
561,441793.81719970703
562,464311.59070014954
563,336185.8024187088
564,773891.9715528488
565,625263.7361974716
566,634151.5298833847
567,501507.01364421844
568,640421.6942987442
569,567773.3257331848
570,584684.4082946777
571,370931.3701982498
572,329946.745677948
573,609381.1069965363
574,343719.4047355652
575,449101.78204631805
576,748943.1145954132
577,335269.2291049957
578,287703.27780914307
579,374066.7622385025
580,466971.92262363434
581,441217.7145586014
582,808996.0550355911
583,319741.91833114624
584,454749.41016483307
585,477354.81152534485
586,530460.7704133987
587,172979.9262008667
588,480602.3287143707
589,709552.2727737427
590,353062.2099227905
591,422763.42151355743
592,450498.4946489334
593,354600.6630477905
594,345011.37715148926
595,652784.2443885803
596,162864.75230407715
597,237015.05983161926
598,673639.3644571304
599,478029.30609607697
600,553895.9221305847
601,652157.6464071274
602,218678.06810760498
603,253084.75916290283
604,646011.4220352173
605,1341888.4541254044
606,253191.1011610031
607,1275496.989900589
608,309320.156829834
609,2672627.909690857
610,532093.865228653
611,256724.93838119507
612,1759035.4735183716
613,664844.5406265259
614,1023191.968870163
615,496114.70793914795
616,252859.55248737335
617,401716.9907655716
618,423805.41790390015
619,419600.3455257416
620,573869.7665462494
621,594952.0014925003
622,431987.2403755188
623,340641.5424041748
624,319166.06021881104
625,388624.07407188416
626,713484.737487793
627,433762.1307325363
628,348288.6424446106
629,1071297.79808712
630,374407.8253040314
631,455338.072350502
632,238785.65375041962
633,539067.1847076416
634,575319.8870000839
635,558077.1135454178
636,345869.08230400085
637,337862.66474723816
638,423162.98059749603
639,455315.5060968399
640,686527.1056518555
641,479995.42946720123
642,640754.0370349884
643,200483.83261489868
644,171667.21218585968
645,633814.4098081589
646,386071.6319885254
647,349841.50497722626
648,924163.6786670685
649,393153.31514930725
650,482550.81569576263
651,1336357.267252922
652,502773.6007680893
653,234568.4026851654
654,684788.9822101593
655,448060.67153549194
656,255192.46147155762
657,375941.5113210678
658,587507.712518692
659,1055703.8175106049
660,325599.67181396484
661,541896.8134298325
662,1036209.5554561615
663,552664.3809127808
664,425127.2369117737
665,383107.128282547
666,981325.878484726
667,502321.1828966141
668,699564.3600511551
669,240699.10001850128
670,1210124.9154663086
671,247301.03935432434
672,921459.9463415146
673,642256.9948377609
674,267810.7824687958
675,462468.5656223297
676,393862.7500143051
677,473195.04324913025
678,369414.8849020004
679,462141.80708789825
680,613847.3211374283
681,378201.8073062897
682,488250.5647249222
683,380147.6551837921
684,361572.56789398193
685,527079.4332027435
686,399215.5774717331
687,306030.378950119
688,474539.964220047
689,443840.6680173874
690,2105882.600130081
691,417792.70000839233
692,403253.4074373245
693,327135.9708919525
694,358965.311173439
695,455998.6772584915
696,335543.03255844116
697,516959.3483886719
698,346248.79924201965
699,872621.6647443771
700,465025.7670688629
701,375393.9722099304
702,388842.12430763245
703,503178.4503145218
704,475119.12486076355
705,2470180.4952659607
706,274112.1424808502
707,578449.1597194672
708,284409.3253479004
709,563783.2619380951
710,80214.45053386688
711,725634.1725292206
712,962529.9104423523
713,337272.9257297516
714,892084.5545845032
715,951715.8745317459
716,321785.3573188782
717,656200.2475099564
718,254468.25851726532
719,506830.306558609
720,604018.6870975494
721,771702.6580324173
722,684391.8989343643
723,375621.98948955536
724,333817.3699989319
725,617706.7617397308
726,410011.5424776077
727,466001.9692764282
728,328952.7771501541
729,308715.15518188477
730,266182.5045566559
731,548627.5683660507
732,565479.5922393799
733,797902.4429607391
734,698737.3558101654
735,704597.7398500443
736,476589.9899368286
737,420669.4317302704
738,378763.83292007446
739,535331.4347286224
740,386230.4974746704
741,611569.7696866989
742,190362.88632774353
743,622344.5076818466
744,701263.1710510254
745,274563.2331981659
746,438777.5026912689
747,243852.32582855225
748,352290.9192895889
749,277645.15894317627
750,365882.10776233673
751,555616.9854726791
752,321444.61400032043
753,383600.21047592163
754,351996.8934135437
755,565645.8509912491
756,329304.9441232681
757,466568.31326675415
758,559221.0709896088
759,242833.3541612625
760,1013376.8862934113
761,496818.5794467926
762,129755.94108009338
763,621563.9553108215
764,429008.13407707214
765,484357.4805364609
766,819665.1870241165
767,1219849.128437996
768,275664.69425964355
769,192334.67414855957
770,483755.8977174759
771,495502.5770559311
772,509224.4438858032
773,276625.7774543762
774,256107.39144325256
775,348770.4566383362
776,687439.6754865646
777,567703.1367282867
778,492610.75019454956
779,1258926.9768218994
780,487357.06688785553
781,1019397.2841873169
782,695068.9435424805
783,926609.1354408264
784,293824.18694877625
785,1776239.0780658722
786,449229.6064796448
787,384475.7962446213
788,401270.2550230026
789,803382.8590698242
790,479058.01636505127
791,224963.17486953735
792,631655.9864425659
793,757195.9165258408
794,190908.6015739441
795,412000.20645332336
796,633480.8201522827
797,916121.8605289459
798,476325.92822647095
799,317588.1239118576
800,283988.1633968353
801,498663.3497180939
802,195121.77159023285
803,709044.1604061127
804,377769.37520599365
805,502237.53503990173
806,257765.58929538727
807,869860.9498119354
808,820354.0747880936
809,229665.78900146484
810,529643.4647712708
811,1829693.2895469666
812,282836.03141212463
813,743903.0967531204
814,378807.72808742523
815,668654.9753608704
816,189564.53989982605
817,408271.8818035126
818,281765.0290565491
819,721333.9754610062
820,235649.85371017456
821,1082930.5522565842
822,267205.4132633209
823,293363.5527229309
824,597586.4222354889
825,619948.3024215698
826,359786.4863510132
827,543399.9129219055
828,526977.3877677917
829,466039.3467845917
830,734909.8767185211
831,794840.334684372
832,659715.4183502197
833,280142.1530485153
834,260794.1293296814
835,339430.9765510559
836,274487.9604921341
837,580882.8458890915
838,492358.27496623993
839,342758.3903808594
840,751179.819018364
841,357902.30052948
842,516122.9799346924
843,643994.0236320496
844,437157.5860519409
845,492862.29524326324
846,460644.5358953476
847,544652.5439109802
848,782267.7945423126
849,511847.18001270294
850,383435.6006088257
851,296899.2684316635
852,525927.6009969711
853,463295.0271129608
854,649886.8505592346
855,592785.207939148
856,2135454.114002228
857,500865.918885231
858,400886.5190639496
859,584122.7891864777
860,362836.4563484192
861,425621.0676345825
862,1034930.3202857971
863,413891.36407089233
864,787023.821814537
865,344451.957239151
866,428108.22845840454
867,328330.54444122314
868,677454.8302736282
869,431944.299697876
870,339798.75452423096
871,545891.3299207687
872,385214.59655475616
873,717436.0474290848
874,363228.10104465485
875,299276.55428123474
876,230289.11085033417
877,388504.18326950073
878,303659.14890289307
879,641340.5956821442
880,388360.4961452484
881,376746.1680049896
882,203350.1812763214
883,327023.0297765732
884,489114.13590812683
885,437425.90533161163
886,309252.665145874
887,519718.56948184967
888,392480.4487400055
889,494920.1101055145
890,517967.10784339905
891,283793.2539024353
892,519065.3452501297
893,992551.2379875183
894,346166.68895339966
895,1177482.1604394913
896,360909.2556171417
897,211086.72667503357
898,700255.8320322037
899,760857.7510700226
900,413329.58357715607
901,237657.15712833405
902,510353.1105890274
903,653799.9139585495
904,338014.7516641617
905,624308.5802946091
906,1132024.3104057312
907,353775.25114154816
908,538136.6682281494
909,2608284.271882057
910,1742690.1777305603
911,601682.2909736633
912,1070750.9626846313
913,404349.9473695755
914,614678.021823883
915,476241.9275112152
916,1668982.9111862183
917,463529.6488952637
918,1892518.1565876007
919,1087533.2592220306
920,264714.2935886383
921,408686.0236310959
922,337753.0293159485
923,408119.08200263977
924,340850.38555908203
925,373431.6166667938
926,586525.9613676071
927,461143.44020843506
928,403780.6484413147
929,263873.2946128845
930,253596.75259017944
931,242073.84353160858
932,567626.4803314209
933,397643.2868423462
934,389489.6791038513
935,392364.3902320862
936,1806780.1780548096
937,779561.402176857
938,253809.50977134705
939,600500.1690692902
940,251444.57830619812
941,274882.2151889801
942,429398.3988046646
943,386208.3959751129
944,380110.2676105499
945,463003.98141002655
946,397014.5789203644
947,529678.8184146881
948,687400.7782316208
949,394830.9718570709
950,923160.4717826843
951,680566.2792949677
952,305923.4826669693
953,598510.6647853851
954,247809.68799209595
955,405363.51716041565
956,406686.66212272644
957,337739.50958251953
958,948492.9967012405
959,569193.4533319473
960,433979.3476257324
961,336355.142660141
962,768299.7132024765
963,411307.4700756073
964,371851.3525161743
965,377767.12874507904
966,1303530.9273014069
967,541811.7969551086
968,216754.14796161652
969,640912.5976495743
970,580711.9439468384
971,615740.5906763077
972,252003.74813079834
973,317160.8279285431
974,384881.72369384766
975,236196.45422554016
976,1720138.0458221436
977,475891.48720645905
978,300009.8237276077
979,478698.97086524963
980,158465.13788223267
981,259448.38306236267
982,1033059.2626314163
983,506455.9031867981
984,427687.1031484604
985,493283.9292039871
986,418159.9043722153
987,474978.96985816956
988,391309.7573480606
989,367301.4803724289
990,415800.18912506104
991,1456025.2964658737
992,401585.1750307083
993,311983.94951438904
994,273268.6979074478
995,451832.95985126495
996,515152.75760269165
997,1085401.1353759766
998,933949.7398738861
999,403487.55052280426
1000,328093.4084157944
1001,837684.8297624588
1002,722680.2947282791
1003,352997.9924993515
1004,510249.1752872467
1005,454638.30871772766
1006,220376.95865631104
1007,509466.8586091995
1008,460039.31897735596
1009,543786.4791975021
1010,421497.4499912262
1011,533041.6325378418
1012,3708811.900695801
1013,290204.1500225067
1014,1161162.0617427826
1015,291130.03262233734
1016,610806.2969694138
1017,651199.8915185928
1018,320203.0681209564
1019,639237.2906713486
1020,493840.64091300964
1021,437252.2067499161
1022,432985.3714771271
1023,705240.8097314835
1024,622286.9348840714
1025,458841.57538223267
1026,859269.424741745
1027,541888.0314779282
1028,628667.8540725708
1029,889063.240486145
1030,423604.50946712494
1031,246121.28634166718
1032,574505.4798059464
1033,229012.12855148315
1034,746011.1792821884
1035,282037.8729801178
1036,486450.53717803955
1037,952132.4799842834
1038,2045832.1994609833
1039,494442.62495803833
1040,531595.8782997131
1041,668078.3704433441
1042,593524.6335496902
1043,465048.05074977875
1044,609638.8569507599
1045,516320.3028488159
1046,306855.6997642517
1047,534281.9073381424
1048,180080.87334918976
1049,361404.3030529022
1050,350663.34727859497
1051,660927.0903615952
1052,481566.79736995697
1053,697852.1846342087
1054,285916.7345161438
1055,260086.1917552948
1056,560552.3546581268
1057,380461.1889438629
1058,357000.55161094666
1059,462278.6883621216
1060,556570.0207586288
1061,321214.97964191437
1062,235552.45579910278
1063,296731.82832813263
1064,527543.1747112274
1065,456558.82882881165
1066,307889.26334762573
1067,795796.5889425278
1068,485343.07406425476
1069,204022.01919555664
1070,296690.7619380951
1071,278030.5090332031
1072,666345.190498352
1073,584278.7101554871
1074,229538.3267507553
1075,499957.0595626831
1076,1868279.1757850647
1077,953464.8108005524
1078,456860.39549064636
1079,591445.7286787033
1080,304740.19942474365
1081,394200.23443984985
1082,398477.815656662
1083,655941.4308929443
1084,214757.51191329956
1085,1139722.1434679031
1086,328180.03009033203
1087,466672.0517139435
1088,639226.7801904678
1089,507736.9361114502
1090,67531.63864707947
1091,461332.44796180725
1092,1357735.9892959595
1093,403720.05626296997
1094,785472.6338453293
1095,397103.1843967438
1096,610610.5121469498
1097,561290.4548158646
1098,406610.1439933777
1099,503032.8367328644
1100,503342.00524520874
1101,239669.82108688354
1102,853361.064002037
1103,928742.2865428925
1104,377419.4941596985
1105,644945.1793756485
1106,317188.97766685486
1107,265933.82530117035
1108,293394.2772922516
1109,375643.4205799103
1110,818959.0584497452
1111,428261.25878715515
1112,995981.8820028305
1113,201092.8136253357
1114,681312.5924348831
1115,498833.2184047699
1116,321359.34968948364
1117,720948.140791893
1118,712057.2954998016
1119,2372242.1535224915
1120,437750.78794288635
1121,473609.46483039856
1122,1344220.8201665878
1123,384033.89572429657
1124,1257264.6166305542
1125,885746.3935928345
1126,483057.78102207184
1127,288441.90573978424
1128,548556.5036907196
1129,253413.0089855194
1130,454779.03071403503
1131,347293.96649742126
1132,256830.0166168213
1133,553774.0543031693
1134,221635.71976470947
1135,358644.1927280426
1136,642935.6726741791
1137,2168122.527671814
1138,537494.2095422745
1139,283021.72341537476
1140,391417.1577358246
1141,684940.954738617
1142,1218015.095500946
1143,265828.8485593796
1144,593470.9501895905
1145,430539.7774991989
1146,261966.105052948
1147,802895.7881736755
1148,524633.4638643265
1149,387009.02246284485
1150,352789.29601860046
1151,258483.1563796997
1152,648661.9691257477
1153,784364.0976104736
1154,419780.97627067566
1155,471285.0921974182
1156,324123.05857658386
1157,518381.4378376007
1158,412614.95443820953
1159,458416.61865615845
1160,393487.4951133728
1161,936571.0391216278
1162,356327.43506908417
1163,274982.94420433044
1164,805076.9194889069
1165,2352872.8164663315
1166,206282.39029979706
1167,410524.04221725464
1168,454222.71171951294
1169,368785.36452770233
1170,978807.5124511719
1171,940743.0648469925
1172,218324.71767616272
1173,403109.22187805176
1174,219043.85818958282
1175,674409.2201938629
1176,292697.5370378494
1177,372068.52466773987
1178,275540.2919883728
1179,410349.24764823914
1180,136622.54004764557
1181,668963.0869455338
1182,275924.0035715103
1183,552912.1759109497
1184,445691.6733932495
1185,357336.985868454
1186,203235.63578414917
1187,3454280.584564209
1188,167401.98551177979
1189,358712.6227493286
1190,415762.6040830612
1191,208068.83518218994
1192,2080255.9995975494
1193,538066.6800947189
1194,299770.86134815216
1195,706465.1808223724
1196,410066.2967004776
1197,373095.6057281494
1198,461217.6150341034
1199,508478.61522102356
1200,632856.0850534439
1201,476366.75217342377
1202,629958.6948785782
1203,393729.84988212585
1204,684322.77521801
1205,765753.0461797714
1206,416916.4913368225
1207,412673.17391967773
1208,249541.6527004242
1209,383680.03903388977
1210,339807.7806148529
1211,380388.3301143646
1212,506847.0223522186
1213,411434.76345443726
1214,425901.85616493225
1215,671906.0577926636
1216,487783.5332784653
1217,448306.72827911377
1218,185940.50831604004
1219,739043.5357990265
1220,407024.42896842957
1221,1359283.5143737793
1222,849099.760307312
1223,305367.14834213257
1224,288829.64676094055
1225,462924.00046539307
1226,773443.5990142822
1227,423919.3733215332
1228,355606.8295288086
1229,1324044.5463151932
1230,824327.5946588516
1231,439710.33950805664
1232,357383.1953058243
1233,480974.8780555725
1234,337233.66011333466
1235,632686.4181852341
1236,529511.4223499298
1237,319384.0480480194
1238,199194.23678016663
1239,1037421.7589616776
1240,404052.49207782745
1241,479838.36571598053
1242,379280.19668483734
1243,585549.5875940323
1244,567075.6510505676
1245,984300.3851795197
1246,713261.6527614594
1247,267120.0762825012
1248,427838.26227760315
1249,626925.8822126389
1250,371605.97823524475
1251,572332.218826294
1252,521340.22766017914
1253,939608.1776351929
1254,492931.1906681061
1255,327669.4491329193
1256,351936.33769989014
1257,567750.3100318909
1258,895415.7752094269
1259,254370.4032907486
1260,486005.6525182724
1261,502047.0858068466
1262,765505.7176046371
1263,283870.96449661255
1264,723421.6256856918
1265,1007149.8594388962
1266,2883382.4631519318
1267,500721.8074398041
1268,269918.8387956619
1269,453299.0404615402
1270,417186.2000427246
1271,392269.16273498535
1272,486713.09941482544
1273,747817.2217941284
1274,185902.64734268188
1275,171097.46695518494
1276,180275.32703018188
1277,775053.1940860748
1278,925997.6370067596
1279,485442.04711151123
1280,563702.4403800964
1281,238336.24460983276
1282,311926.30523872375
1283,614963.9619121552
1284,346215.8556957245
1285,770068.84333992
1286,306087.3620710373
1287,309148.86249256134
1288,286426.81815624237
1289,154005.90643692017
1290,627193.7620363235
1291,371065.1962175369
1292,461530.35482025146
1293,585376.1088094711
1294,233470.91096782684
1295,508752.2936859131
1296,289014.0894241333
1297,274543.3461751938
1298,634741.5231971741
1299,655592.7602405548
1300,199371.5181875229
1301,419442.73331069946
1302,630634.3295164108
1303,340393.9060192108
1304,1103996.740951538
1305,205871.7273464203
1306,565170.4393453598
1307,175222.1769580841
1308,499235.0152864456
1309,654088.5015420914
1310,225302.66602516174
1311,399756.4833869934
1312,326915.03009700775
1313,865620.1804904938
1314,328311.3520107269
1315,262289.41046619415
1316,959196.8147315979
1317,1300687.290851593
1318,399576.44897937775
1319,572539.597067833
1320,247413.24893569946
1321,329761.61427879333
1322,383746.99195575714
1323,530951.68405056
1324,480372.8567094803
1325,459159.5819568634
1326,382229.9431800842
1327,460500.2183294296
1328,418537.30234622955
1329,676211.6908359528
1330,314733.96601963043
1331,852537.5903787613
1332,509389.32583236694
1333,443389.1841945648
1334,667831.6548595428
1335,543944.2865381241
1336,1361983.2688617706
1337,256039.46893310547
1338,988230.8813838959
1339,320520.36981487274
1340,586995.8970851898
1341,1545065.0318374634
1342,848314.8555622101
1343,696028.34416008
1344,617716.4908132553
1345,194747.70815467834
1346,698449.1747322083
1347,213927.06815719604
1348,497843.3048963547
1349,480596.88582515717
1350,414662.31859493256
1351,633399.6956138611
1352,395711.1145477295
1353,837470.5597305298
1354,460457.3685512543
1355,310752.05715560913
1356,293759.62760925293
1357,492284.117893219
1358,478688.5329990387
1359,395093.76744651794
1360,395979.3725128174
1361,883463.0952396393
1362,568093.7151966095
1363,397230.66501045227
1364,314352.99711227417
1365,914221.0785121918
1366,666980.0087347031
1367,162366.76097297668
1368,707894.9177951813
1369,683878.2787246704
1370,441101.8623533249
1371,559012.4262771606
1372,399731.9894294739
1373,388177.1553955078
1374,248369.2117614746
1375,479903.5266933441
1376,733388.3462085724
1377,530810.4557161331
1378,447805.81180381775
1379,335171.62897872925
1380,818609.6655778885
1381,464426.97459983826
1382,377026.3467102051
1383,478411.6554965973
1384,266006.2797908783
1385,1225743.5428304672
1386,558425.2139549255
1387,248072.38535118103
1388,299396.2899465561
1389,331751.0485172272
1390,579998.7474508286
1391,266488.2437553406
1392,505786.2764263153
1393,408782.3301753998
1394,350001.47471904755
1395,385083.1122350693
1396,555845.9867811203
1397,482955.03632164
1398,552556.6254673004
1399,400993.5145177841
1400,631950.6221027374
1401,425781.95672130585
1402,533291.1378831863
1403,279443.24232292175
1404,788000.1721982956
1405,598593.3937091827
1406,684460.633275032
1407,362216.92273807526
1408,335343.01478004456
1409,360893.65240573883
1410,651216.8034114838
1411,814990.4960784912
1412,439102.0886068344
1413,457022.9920864105
1414,479990.8693161011
1415,295357.9531469345
1416,299414.2134666443
1417,315465.00316143036
1418,704431.9846525192
1419,719343.8295164108
1420,339765.94940185547
1421,216805.30052566528
1422,352785.33110809326
1423,313385.84484672546
1424,422966.99446487427
1425,1141441.995306015
1426,1134444.292186737
1427,143138.2479133606
1428,729117.0199432373
1429,365700.8814640045
1430,399784.01457595825
1431,569441.4818725586
1432,1098631.6737604141
1433,171143.80171203613
1434,373596.3904438019
1435,283316.9055843353
1436,295964.32581043243
1437,238620.04297828674
1438,235814.94122314453
1439,286204.6617383957
1440,582761.0318155289
1441,1191878.8215436935
1442,415363.17414855957
1443,563119.7188625336
1444,386422.4732093811
1445,379167.63720321655
1446,414385.5409860611
1447,336632.95515823364
1448,306138.9028339386
1449,317620.0305862427
1450,535558.8321027756
1451,417395.43291950226
1452,234253.33540534973
1453,497820.4726161957
1454,611212.8145303726
1455,222793.34686470032
1456,649218.4146137238
1457,240820.5952281952
1458,1011857.7444419861
1459,262649.412771225
1460,443643.018286705
1461,304073.49667930603
1462,701873.2407932281
1463,460783.2438964844
1464,583470.4211826324
1465,459173.1732006073
1466,775908.6575155258
1467,630666.777715683
1468,626330.1724948883
1469,537695.6669864655
1470,579768.0090961456
1471,497999.2140712738
1472,357368.7886209488
1473,367044.73607444763
1474,725541.9587659836
1475,390604.4480895996
1476,450544.76277542114
1477,501045.07880687714
1478,2174107.487384796
1479,549393.1838521957
1480,714651.5172986984
1481,354076.9153690338
1482,250055.7066268921
1483,450761.40219688416
1484,485062.2976846695
1485,830697.5565853119
1486,942545.7406845093
1487,535154.141576767
1488,470964.49227523804
1489,1023627.9567394257
1490,406718.57152175903
1491,362248.04617118835
1492,1773940.6444721222
1493,472600.2921772003
1494,238121.60414981842
1495,637742.7226257324
1496,283731.67619228363
1497,833624.2904396057
1498,455919.6609325409
1499,429232.1553554535
1500,480422.8454694748
1501,1788364.4005479813
1502,1099480.9726362228
1503,1584158.121372223
1504,764158.1269617081
1505,653367.3039627075
1506,500964.76541900635
1507,315192.47412490845
1508,475223.91863822937
1509,349065.2800951004
1510,542034.4589195251
1511,318059.96339797974
1512,610595.3580560684
1513,605251.6039934158
1514,327883.42907619476
1515,447496.9932203293
1516,1122687.7509336472
1517,449479.5758523941
1518,266064.9437351227
1519,350757.2333240509
1520,477255.34238529205
1521,177375.69797706604
1522,458681.9059534073
1523,678796.2343330383
1524,776375.8430223465
1525,396716.46378803253
1526,249098.5741996765
1527,490211.8666410446
1528,779419.5587453842
1529,523982.9788713455
1530,599756.8376960754
1531,463868.7695941925
1532,602045.2984495163
1533,637380.1440820694
1534,492954.5504579544
1535,563098.3891677856
1536,425269.4579849243
1537,791749.6454343796
1538,1989092.0576267242
1539,672114.858921051
1540,574147.2511816025
1541,735098.5724115372
1542,827683.1742706299
1543,618659.6758232117
1544,344397.23823928833
1545,346389.76964378357
1546,534297.5306758881
1547,192614.0919532776
1548,472182.1280221939
1549,340403.69428634644
1550,444396.9111652374
1551,312615.59851264954
1552,565531.3783721924
1553,517432.2820453644
1554,885455.7178058624
1555,568174.1302070618
1556,597064.9071016312
1557,333419.7469625473
1558,1132367.5673160553
1559,798197.1120815277
1560,911681.6708984375
1561,726695.1317682266
1562,324974.57238292694
1563,528724.9288167953
1564,453241.8002061844
1565,335622.98680496216
1566,262769.0513000488
1567,396858.27895355225
1568,278822.6679916382
1569,257896.64554405212
1570,785445.8441476822
1571,949414.9668111801
1572,555962.9445142746
1573,479919.3537607193
1574,676397.3623542786
1575,275704.34001255035
1576,1060700.2167701721
1577,536588.0956535339
1578,890814.8873109818
1579,350550.5065917969
1580,603592.8967590332
1581,205559.4372062683
1582,385468.10108947754
1583,392081.9641714096
1584,415185.0996656418
1585,1693011.6760959625
1586,598236.7305469513
1587,289295.7275829315
1588,350364.9487628937
1589,582462.3418092728
1590,209623.30205059052
1591,497559.45718193054
1592,1662820.4901275635
1593,342398.33125305176
1594,659361.4319858551
1595,378297.59153556824
1596,433771.9487285614
1597,571357.2955694199
1598,448280.08477783203
1599,340862.41851234436
1600,975985.7854156494
1601,466467.9345588684
1602,854967.076166153
1603,493327.71157073975
1604,426026.4053783417
1605,371177.91127967834
1606,857181.3307533264
1607,468290.1030063629
1608,333031.69741249084
1609,548768.4852466583
1610,414945.46511650085
1611,396882.0104627609
1612,465463.02662849426
1613,408766.29937553406
1614,488544.2758655548
1615,413154.6812953949
1616,662577.5832920074
1617,569354.9063501358
1618,252227.06093597412
1619,247978.0070285797
1620,782586.9483566284
1621,755255.9632720947
1622,1353862.1721715927
1623,221951.11166477203
1624,1557521.1637563705
1625,166532.39659500122
1626,703116.4424648285
1627,247186.5594806671
1628,583570.9419441223
1629,583914.6044006348
1630,420971.2681941986
1631,445128.4015607834
1632,372544.56103134155
1633,900840.2578458786
1634,670312.9884271622
1635,305037.5147266388
1636,964023.0454053879
1637,348411.5611190796
1638,532750.4968452454
1639,661761.2451543808
1640,411018.2461280823
1641,443259.0797557831
1642,496841.1717786789
1643,234715.35743904114
1644,289006.9455432892
1645,364455.8406639099
1646,373031.6341609955
1647,287195.15098953247
1648,346897.927939415
1649,170850.54009628296
1650,421298.4431915283
1651,935681.3027276993
1652,186105.59660339355
1653,646211.3332195282
1654,425211.95349025726
1655,490391.20624923706
1656,357253.309671402
1657,366463.41977500916
1658,792358.7175035477
1659,478355.8783111572
1660,298648.15050411224
1661,454372.5218143463
1662,334419.37063217163
1663,405857.81576919556
1664,315217.3749303818
1665,1251363.8258371353
1666,393918.81001377106
1667,703797.957151413
1668,479122.85236644745
1669,360471.56872940063
1670,262535.36830616
1671,489988.94013404846
1672,417930.60652542114
1673,382834.3665971756
1674,664867.5636348724
1675,323803.2495651245
1676,524912.9262666702
1677,310405.1559534073
1678,937924.5351572037
1679,635111.2179765701
1680,460504.31297683716
1681,958509.9438409805
1682,488409.4216346741
1683,482282.60586738586
1684,556156.3989963531
1685,1412698.1937217712
1686,616818.3632736206
1687,459169.5396976471
1688,533030.336938858
1689,636336.5850582123
1690,911168.5417432785
1691,260292.71340560913
1692,616827.8335313797
1693,270743.891248703
1694,999700.4559793472
1695,359827.7699394226
1696,242830.5612411499
1697,321358.2526731491
1698,309592.83664417267
1699,404655.2454280853
1700,541814.8897628784
1701,1487182.989555359
1702,1539487.0327911377
1703,392217.60789203644
1704,424222.8240480423
1705,213597.41103935242
1706,408505.92883491516
1707,245190.91898536682
1708,326549.88791656494
1709,467642.45419311523
1710,562691.2755031586
1711,550946.7707595825
1712,417862.8903942108
1713,583004.4653434753
1714,389873.03216362
1715,314110.0007390976
1716,450182.64465141296
1717,622064.8507289886
1718,432951.96596717834
1719,329176.32747268677
1720,1063731.400885582
1721,471776.52689933777
1722,580408.1878700256
1723,529801.3645610809
1724,637786.8325223923
1725,677997.8297700882
1726,651060.4039268494
1727,2735165.998226166
1728,213379.20759010315
1729,242546.2484664917
1730,395824.56698417664
1731,300693.1472015381
1732,605195.7327919006
1733,558549.5819149017
1734,718834.8704156876
1735,583622.4618139267
1736,716475.3819818497
1737,505798.2011499405
1738,268429.738284111
1739,944900.4804182053
1740,422363.0849304199
1741,717156.4662246704
1742,567307.2979707718
1743,682441.8855142593
1744,379033.8624649048
1745,573148.286649704
1746,426478.35085105896
1747,321604.9812736511
1748,297894.5386314392
1749,587949.6922483444
1750,307426.3867788315
1751,725413.8564634323
1752,476059.0489845276
1753,723966.7596950531
1754,380593.0769805908
1755,441153.08712768555
1756,1053129.046889305
1757,436853.59042167664
1758,347284.53697395325
1759,491357.8037185669
1760,821161.6450395584
1761,280372.5598564148
1762,270571.80969524384
1763,1147394.7898044586
1764,191708.994430542
1765,839096.363451004
1766,520950.34220314026
1767,358857.0388126373
1768,415518.57198143005
1769,268850.4858903885
1770,304467.9290370941
1771,500967.4466266632
1772,332492.61614608765
1773,634559.0868749619
1774,565534.6026906967
1775,283925.90637779236
1776,391201.01309394836
1777,719312.3807296753
1778,1521592.587340355
1779,312518.65087509155
1780,210481.61904239655
1781,449831.10205459595
1782,501386.3300189972
1783,534312.1151180267
1784,418921.40701293945
1785,236132.06516456604
1786,186869.56976127625
1787,326953.5798845291
1788,782705.6685447693
1789,454443.56432724
1790,1018560.8781356812
1791,639500.1062240601
1792,602031.0646018982
1793,833597.5206327438
1794,386286.7555618286
1795,705708.6758136749
1796,554554.1547489166
1797,267428.7731103897
1798,839188.8794136047
1799,295725.2610988617
1800,354495.18720054626
1801,651763.1848831177
1802,216784.388422966
1803,468322.8628911972
1804,275123.98632240295
1805,463078.06189727783
1806,416460.537279129
1807,859280.5185403824
1808,272887.7715587616
1809,700702.144162178
1810,367677.5326747894
1811,565086.1085166931
1812,925736.0974550247
1813,551867.1129837036
1814,813427.4923381805
1815,413871.3661022186
1816,550053.0840435028
1817,380251.09848976135
1818,859571.9140119553
1819,431453.3446626663
1820,632081.3675785065
1821,275608.8555622101
1822,470381.3709754944
1823,419124.2544670105
1824,759407.783367157
1825,241331.0205450058
1826,460402.8628101349
1827,723301.1313467026
1828,364075.87802410126
1829,696001.9575738907
1830,389552.74153995514
1831,175394.17229366302
1832,248256.95100402832
1833,706010.861415863
1834,647647.4384622574
1835,375420.24063301086
1836,337379.70580101013
1837,583427.1874408722
1838,419211.35879039764
1839,327922.55329322815
1840,1092100.9686307907
1841,232342.66824150085
1842,838530.2558641434
1843,1504791.0192546844
1844,327328.53392601013
1845,309140.9536561966
1846,185911.05144691467
1847,417792.5403108597
1848,304625.6871070862
1849,138839.77985191345
1850,532460.3304615021
1851,271488.21755695343
1852,674951.3990325928
1853,567377.5667724609
1854,264076.2185497284
1855,787796.1386146545
1856,419503.6270723343
1857,390171.1881084442
1858,3261852.735496521
1859,1025896.982840538
1860,381976.14872932434
1861,324083.7018404007
1862,534237.4019851685
1863,679697.0471019745
1864,533894.7042360306
1865,310713.9981546402
1866,1117533.1285982132
1867,354235.45722961426
1868,588154.1915664673
1869,219629.87289619446
1870,716687.6707029343
1871,446115.37523937225
1872,413749.74508857727
1873,521438.0916156769
1874,284512.04594039917
1875,421730.9276790619
1876,673483.6418237686
1877,189175.0299282074
1878,399044.35293006897
1879,292119.59051799774
1880,496326.14031791687
1881,371431.7998609543
1882,827269.2727899551
1883,134812.25068855286
1884,112064.70139312744
1885,414987.89348983765
1886,584394.1762180328
1887,817784.3945789337
1888,812396.7315969467
1889,508980.4516105652
1890,461552.72809791565
1891,682518.793841362
1892,302500.1968832016
1893,431267.1396369934
1894,751209.0412464142
1895,347042.7711620331
1896,436905.7802209854
1897,267455.4768152237
1898,1013532.6787490845
1899,435466.10644340515
1900,905973.1393461227
1901,399413.41156196594
1902,386117.2602519989
1903,309061.10907554626
1904,1022950.7013301849
1905,324181.7395076752
1906,1055492.8639612198
1907,521976.7677602768
1908,317412.4030761719
1909,556148.9678153992
1910,369989.9151544571
1911,899314.0128612518
1912,1079895.8560113907
1913,951428.7292728424
1914,386572.0261993408
1915,803565.76866436
1916,665346.8379459381
1917,309303.9883747101
1918,342802.21685409546
1919,378273.0350475311
1920,379312.55239486694
1921,422255.4322729111
1922,513031.08973121643
1923,819045.6145935059
1924,635545.6546106339
1925,2110571.8086891174
1926,498174.37009334564
1927,338893.16150665283
1928,472709.53010845184
1929,494000.55126571655
1930,612342.1788158417
1931,213165.28003406525
1932,785713.9369459152
1933,348820.91286945343
1934,257939.336268425
1935,205919.47026252747
1936,1177102.259103775
1937,277343.4642858505
1938,293621.2367105484
1939,500948.3114414215
1940,245804.36636829376
1941,1638168.0013542175
1942,223242.26681232452
1943,600820.8913183212
1944,319462.82273864746
1945,549090.5436067581
1946,1487538.0151834488
1947,388144.5623989105
1948,280495.3802089691
1949,502227.60817337036
1950,292694.4396381378
1951,710163.2716598511
1952,426892.96897125244
1953,593749.1118211746
1954,621514.5767908096
1955,549603.4347572327
1956,542327.7420768738
1957,271843.0067052841
1958,309383.288233757
1959,196034.19618797302
1960,277353.2240886688
1961,439360.5420970917
1962,385411.3703174591
1963,833524.9986972809
1964,795370.9474849701
1965,1335073.7635068893
1966,566382.046792984
1967,550428.6853170395
1968,904065.5810031891
1969,273452.5282115936
1970,1013875.336605072
1971,283026.7626838684
1972,1039622.2106904984
1973,333132.2025785446
1974,391197.89249038696
1975,334315.1588497162
1976,249296.9493713379
1977,439628.3701162338
1978,537867.4014930725
1979,625979.6215295792
1980,1221731.2732467651
1981,379825.0828638077
1982,1820022.6201028824
1983,538862.8578567505
1984,694260.7168836594
1985,547862.4552440643
1986,1178367.0890703201
1987,485253.92576885223
1988,502028.3991250992
1989,231485.92227077484
1990,580806.9368038177
1991,842992.927192688
1992,366492.25116348267
1993,449464.5405397415
1994,304594.83610343933
1995,69339.01491451263
1996,735920.7242002487
1997,349971.31210899353
1998,268080.7574071884
1999,510308.34013557434
2000,297523.3641910553
2001,647859.8742046356
2002,618210.4523229599
2003,401823.2142210007
2004,279983.67822933197
2005,537312.3339500427
2006,457731.17424201965
2007,855527.5294408798
2008,737996.4114551544
2009,243666.94596481323
2010,479157.318025589
2011,358210.5420475006
2012,700994.3362836838
2013,315676.34118938446
2014,240483.72808265686
2015,635823.925901413
2016,428713.24903297424
2017,307582.8146419525
2018,396782.8894472122
2019,301235.3321208954
2020,492552.8191843033
2021,462129.52939891815
2022,314537.6361103058
2023,346643.44453811646
2024,230546.74477386475
2025,516399.7383041382
2026,224424.28253555298
2027,372398.34674167633
2028,300204.7646121979
2029,985729.7635002136
2030,527207.3805246353
2031,540591.9638614655
2032,815637.7096271515
2033,1607240.4562654495
2034,1097238.999264717
2035,1090866.591433525
2036,261458.8363494873
2037,772364.6007461548
2038,693480.3822641373
2039,267633.2245502472
2040,620113.9096431732
2041,404024.4954395294
2042,277976.7670326233
2043,416563.70154571533
2044,1630112.2059288025
2045,440368.1491880417
2046,443822.61174201965
2047,698522.4867181778
2048,648358.9642419815
2049,430653.07473278046
2050,514382.4946374893
2051,784153.7110042572
2052,527452.8653926849
2053,570410.707324028
2054,215812.14109802246
2055,666357.99858284
2056,239133.77008152008
2057,449008.5346288681
2058,463306.1365184784
2059,674972.7549438477
2060,250306.0130519867
2061,1379498.7364692688
2062,563572.4344530106
2063,516121.45660686493
2064,416422.3823785782
2065,473673.7844352722
2066,667583.8119697571
2067,1412834.364774704
2068,378549.1808433533
2069,460566.4489364624
2070,685469.566450119
2071,370618.16446113586
2072,769897.2226839066
2073,326852.6374807358
2074,266959.6034088135
2075,1007226.6300258636
2076,753484.5385789871
2077,303897.45356178284
2078,417262.85492038727
2079,446352.64578056335
2080,256419.6178007126
2081,327875.7538948059
2082,293401.6167488098
2083,501595.4323234558
2084,389776.65166187286
2085,428647.9449224472
2086,455703.54302978516
2087,235773.15974998474
2088,366101.77830696106
2089,663096.7306098938
2090,276237.1433048248
2091,1049824.1547937393
2092,454597.7120113373
2093,554876.0516309738
2094,171228.78997612
2095,215617.1142578125
2096,470913.7957019806
2097,919002.1258945465
2098,413993.3356208801
2099,853641.3235855103
2100,601991.7844963074
2101,425613.1402435303
2102,269983.91420173645
2103,417500.5203809738
2104,508627.0551433563
2105,941633.672908783
2106,499364.8596839905
2107,461638.189409256
2108,538606.5782794952
2109,495933.4879179001
2110,294734.5897293091
2111,220928.82765769958
2112,1010481.4741716385
2113,921304.8785476685
2114,537972.5589256287
2115,389769.38652420044
2116,342798.9068841934
2117,689171.2010221481
2118,506521.8662147522
2119,237992.6373615265
2120,531163.8264522552
2121,242038.20895004272
2122,440708.986538887
2123,293773.16589927673
2124,528629.2151088715
2125,648765.252653122
2126,241468.01942253113
2127,253026.8030014038
2128,564381.8102779388
2129,717663.7092781067
2130,575846.8372135162
2131,550408.2543087006
2132,423078.614109993
2133,428138.42078113556
2134,232853.80985450745
2135,634590.4502820969
2136,379110.09089279175
2137,469999.51873779297
2138,158768.0042476654
2139,622266.1236400604
2140,477662.838514328
2141,593121.5896310806
2142,438238.4952430725
2143,1399019.386789322
2144,642522.3011236191
2145,490134.0362930298
2146,557213.1049947739
2147,273770.35380744934
2148,300843.74362659454
2149,647508.0065469742
2150,472640.44781684875
2151,444106.0898170471
2152,416611.66666030884
2153,695440.0267601013
2154,660023.640586853
2155,499433.69069099426
2156,1488173.3511886597
2157,320896.8211956024
2158,279732.8165616989
2159,517515.83755016327
2160,961172.2380104065
2161,280816.7104072571
2162,260396.6921043396
2163,416719.55271339417
2164,1198855.4407672882
2165,509220.2613096237
2166,295204.02233695984
2167,318232.3299713135
2168,303010.29943466187
2169,358781.96561050415
2170,318417.8418865204
2171,905522.6550216675
2172,612238.23828125
2173,557891.8668575287
2174,603381.4844169617
2175,635132.9503440857
2176,963383.7490816116
2177,625733.0079183578
2178,934845.6601448059
2179,642847.1125507355
2180,303802.0220794678
2181,791827.6935386658
2182,192684.38917064667
2183,339444.3540391922
2184,543191.1610050201
2185,401586.07518196106
2186,268864.5933523178
2187,319905.182762146
2188,282616.7946996689
2189,1319031.882153511
2190,620054.1382884979
2191,462137.0308685303
2192,245356.8448228836
2193,457400.82636642456
2194,1686492.1083250046
2195,438345.78274154663
2196,330459.7531032562
2197,514391.487827301
2198,325147.5647621155
2199,553863.6343631744
2200,604536.5810136795
2201,362709.39771842957
2202,885780.1438121796
2203,433189.327041626
2204,343302.5896701813
2205,338088.64647579193
2206,357197.2289009094
2207,322755.5339393616
2208,330974.05651664734
2209,422953.6918582916
2210,387118.22681617737
2211,380956.4173069
2212,553849.4161653519
2213,325824.1498441696
2214,778965.1832361221
2215,530334.1728343964
2216,502089.4026002884
2217,446967.154296875
2218,712070.3768005371
2219,583921.1999912262
2220,307551.5658340454
2221,462626.12017440796
2222,271148.1828517914
2223,604135.4664154053
2224,333798.1587238312
2225,226564.0108613968
2226,500057.8663673401
2227,436877.7209558487
2228,474799.6207857132
2229,466141.814081192
2230,377531.6903991699
2231,424941.4228115082
2232,422380.9303369522
2233,344157.5143737793
2234,266535.4625759125
2235,487345.96228027344
2236,1056634.360786438
2237,1401132.0985593796
2238,471843.07593536377
2239,1552657.1122016907
2240,436111.43128585815
2241,1621402.2187747955
2242,309804.1078109741
2243,365471.5853652954
2244,461186.18770504
2245,549859.5840988159
2246,341310.0801258087
2247,991733.2701473236
2248,544062.6969070435
2249,319414.8410587311
2250,644200.5128879547
2251,259898.7291917801
2252,740610.0751552582
2253,431377.54109954834
2254,503145.3954677582
2255,248977.8092250824
2256,395842.77760887146
2257,1032253.4080514908
2258,288991.21018600464
2259,450907.97145557404
2260,361859.3364915848
2261,220592.92698287964
2262,420128.0122680664
2263,449888.17543411255
2264,1481185.5148010254
2265,518103.7055721283
2266,801994.5458030701
2267,380772.2917909622
2268,901312.8738193512
2269,502131.85874557495
2270,814319.7894515991
2271,371477.5629453659
2272,1799153.0136260986
2273,309859.7888183594
2274,1219401.8580245972
2275,500440.3649330139
2276,438409.7560005188
2277,243795.94213294983
2278,556186.4122123718
2279,688649.2677354813
2280,373552.5146522522
2281,452080.7334737778
2282,344812.9730062485
2283,474051.859998703
2284,299243.212808609
2285,673454.9447135925
2286,686878.0061616898
2287,352697.83687210083
2288,219581.34438323975
2289,706176.6339178085
2290,597319.7235059738
2291,388038.0318584442
2292,361818.40295886993
2293,856603.4381895065
2294,429229.0817232132
2295,360805.9129600525
2296,427128.5149307251
2297,685354.8164281845
2298,423471.9778366089
2299,246922.66466331482
2300,273952.34584999084
2301,515435.52374458313
2302,185139.2718296051
2303,364081.12973308563
2304,650460.9340991974
2305,334322.9285354614
2306,316088.0485277176
2307,192126.8934020996
2308,645364.367805481
2309,372596.05434036255
2310,1264548.1619997025
2311,287893.8539619446
2312,598294.3000278473
2313,226725.52795028687
2314,599552.6436653137
2315,606660.31590271
2316,436641.99624443054
2317,921894.007733345
2318,401774.09682655334
2319,463273.53297519684
2320,470999.399225235
2321,370385.0193758011
2322,608339.6336965561
2323,1359032.8652524948
2324,410391.9100809097
2325,293823.3690853119
2326,233572.95405960083
2327,507174.3987083435
2328,366229.32772159576
2329,1002446.7616004944
2330,960259.9675865173
2331,225992.24230766296
2332,632360.1571369171
2333,330860.00207042694
2334,801324.0043897629
2335,935124.4837751389
2336,1154575.9514923096
2337,486664.7522420883
2338,441201.088098526
2339,516487.06503105164
2340,710930.410399437
2341,345629.10593509674
2342,457638.7589626312
2343,553361.7910451889
2344,307358.06513881683
2345,779101.44318676
2346,528559.8723888397
2347,365522.16686344147
2348,720604.188079834
2349,566118.475974083
2350,396921.4888095856
2351,471189.5404243469
2352,577507.3757810593
2353,1029207.7128667831
2354,451912.7824573517
2355,404164.7260084152
2356,550431.2365131378
2357,1155685.4627799988
2358,429100.2698431015
2359,1019940.0331134796
2360,615769.9083633423
2361,393618.83250141144
2362,382028.6204147339
2363,403357.92572307587
2364,372124.00395679474
2365,421263.4357185364
2366,443308.7055082321
2367,545628.6249752045
2368,797182.2026052475
2369,499805.58417129517
2370,434553.5350570679
2371,531696.2722473145
2372,370392.8570423126
2373,469901.25936698914
2374,355508.62625312805
2375,361529.7112865448
2376,417668.8034658432
2377,1025238.2692747116
2378,493474.0565023422
2379,482181.98246860504
2380,1542577.0961399078
2381,921408.5080308914
2382,830161.7585725784
2383,392115.7451238632
2384,322562.4977378845
2385,344748.61694431305
2386,332546.6351699829
2387,836590.5880661011
2388,469410.3299770355
2389,520571.0432777405
2390,439336.27900505066
2391,1309088.1892356873
2392,704366.7660589218
2393,448102.1509923935
2394,1060599.647901535
2395,910264.8882312775
2396,969977.6321573257
2397,451543.42844581604
2398,393970.7526807785
2399,375694.3653059006
2400,434515.14429950714
2401,237816.38626766205
2402,482280.3506040573
2403,463033.848698616
2404,333081.7904806137
2405,232158.5555753708
2406,312360.8358659744
2407,333310.81240177155
2408,548957.0763502121
2409,639971.1043300629
2410,434124.41788482666
2411,514857.2928543091
2412,307195.79610443115
2413,311194.4711885452
2414,719604.1875209808
2415,415299.3392677307
2416,502504.69406700134
2417,814198.6196241379
2418,1286267.402956009
2419,681375.676733017
2420,802492.571926117
2421,471594.0419483185
2422,224840.39158058167
2423,385027.5465564728
2424,435930.4315414429
2425,443580.66107082367
2426,430059.50530052185
2427,435631.2529640198
2428,475458.15035533905
2429,537899.8590478897
2430,383825.89224910736
2431,505046.9009361267
2432,671128.0148429871
2433,391746.0514640808
2434,872250.1936311722
2435,1066569.9489679337
2436,789290.6752166748
2437,318514.9927062988
2438,513538.2990474701
2439,1223239.711883545
2440,388816.7290353775
2441,1047184.980849266
2442,249028.50558757782
2443,523607.79840278625
2444,248427.87421798706
2445,467524.66319179535
2446,1452942.2933263779
2447,476772.6895084381
2448,284861.59621429443
2449,602146.8508777618
2450,581466.3734760284
2451,489860.48031044006
2452,319320.36903858185
2453,973262.3376789093
2454,567052.9570732117
2455,340770.4624938965
2456,818732.1217012405
2457,491514.3200292587
2458,722518.8980255127
2459,398793.7142467499
2460,366286.95885181427
2461,494424.1425151825
2462,484982.7185163498
2463,734602.7996444702
2464,329248.60770225525
2465,563469.2600746155
2466,363400.03795814514
2467,412397.863319397
2468,1521165.5271368027
2469,1080501.2839021683
2470,271172.7986793518
2471,510258.00388908386
2472,359427.09757614136
2473,697730.9420633316
2474,1525232.404220581
2475,380201.8728752136
2476,588521.6817598343
2477,695125.9348239899
2478,306334.05430316925
2479,384211.2594680786
2480,786533.0173091888
2481,536930.1255989075
2482,466085.4995212555
2483,402059.13736343384
2484,342064.98216342926
2485,670365.4169197083
2486,384144.8346166611
2487,1996549.4285125732
2488,461878.48007678986
2489,575525.7560663223
2490,527371.6619358063
2491,825018.2007255554
2492,480408.5712509155
2493,479994.1644792557
2494,605497.3019456863
2495,327037.41299533844
2496,317254.4038286209
2497,501001.92444610596
2498,285719.47930908203
2499,601919.1870698929
2500,1153343.6508665085
2501,508409.8977355957
2502,461266.13640117645
2503,1012859.8776054382
2504,450387.41854286194
2505,403237.7895679474
2506,436260.7622909546
2507,275334.6909580231
2508,380627.25493717194
2509,454372.906542778
2510,419425.924697876
2511,435427.54399490356
2512,654463.5392837524
2513,847174.2711687088
2514,345493.9799079895
2515,526262.4865779877
2516,678714.883351326
2517,452307.50030708313
2518,461516.9144744873
2519,873142.4046297073
2520,669574.4573955536
2521,868764.5552072525
2522,359212.1553258896
2523,325835.40758419037
2524,1778509.0896492004
2525,326105.6693649292
2526,866738.8030090332
2527,398133.5284309387
2528,394513.9083118439
2529,1013331.7815122604
2530,325984.64717292786
2531,436088.20163345337
2532,441270.150100708
2533,1735041.0514221191
2534,613840.0438957214
2535,1231675.6877288818
2536,418854.66546344757
2537,512878.7283411026
2538,620561.0483074188
2539,560960.0220890045
2540,544720.0387458801
2541,869977.087852478
2542,608293.9351787567
2543,833178.28728199
2544,390089.19422340393
2545,733421.1899194717
2546,310785.2324476242
2547,1130989.761264801
2548,458589.69767570496
2549,675715.2890672684
2550,317352.70754146576
2551,293747.5471754074
2552,400585.6533126831
2553,456043.72871494293
2554,650804.2130737305
2555,488257.1363925934
2556,434473.74032211304
2557,549142.4247846603
2558,1610285.1422901154
2559,619791.2666091919
2560,527209.0258407593
2561,465821.96131801605
2562,394042.4689846039
2563,489951.6168937683
2564,422009.67994117737
2565,512745.8134765625
2566,1110253.066373825
2567,504016.33477306366
2568,2453218.3202819824
2569,997987.3614015579
2570,392011.6473941803
2571,348918.7780532837
2572,529347.776093483
2573,548957.2499399185
2574,390904.9531955719
2575,824305.7251577377
2576,468295.927564621
2577,406472.71654319763
2578,910747.9944190979
2579,595523.4004182816
2580,548371.3629236221
2581,561979.5958423615
2582,433109.39213752747
2583,339393.27680397034
2584,392131.83002758026
2585,474271.52904224396
2586,1618703.3103981018
2587,427519.94679546356
2588,449387.3066892624
2589,1130596.619509697
2590,272223.911233902
2591,936704.6246404648
2592,527683.5954933167
2593,480283.1627292633
2594,359182.7488746643
2595,409252.97892189026
2596,570636.4303684235
2597,717644.9231452942
2598,609079.7296047211
2599,574984.0952939987
2600,522492.4255475998
2601,225053.60459518433
2602,433703.05189991
2603,514317.36467933655
2604,430926.18807792664
2605,994961.1237459183
2606,733141.2182884216
2607,505787.92721939087
2608,563668.1834688187
2609,507686.02405548096
2610,344010.0486526489
2611,469660.0629529953
2612,518025.4250650406
2613,573328.2216358185
2614,628088.2120895386
2615,594847.7949733734
2616,526690.8991889954
2617,648047.3365163803
2618,850168.6038579941
2619,495522.03176403046
2620,411000.4193210602
2621,562251.2321834564
2622,805779.9812688828
2623,502903.8179445267
2624,357135.41176986694
2625,423313.5497817993
2626,635940.9156541824
2627,574167.851981163
2628,432256.97232723236
2629,396471.6905822754
2630,402756.974568367
2631,470355.3319158554
2632,551128.3427066803
2633,407102.23478507996
2634,433064.72030448914
2635,422327.3866844177
2636,322452.06253910065
2637,341551.4169654846
2638,1464114.5448226929
2639,464709.2708454132
2640,505088.7167367935
2641,365425.0958366394
2642,724874.7533502579
2643,358113.4115753174
2644,330596.440281868
2645,476289.613445282
2646,478021.5953884125
2647,593497.3308763504
2648,389979.17026138306
2649,319996.5170211792
2650,578538.3894891739
2651,400923.3548460007
2652,454724.51463222504
2653,413267.81678009033
2654,555693.6045770645
2655,821506.3966674805
2656,740799.6391458511
2657,597199.0664653778
2658,746582.0043458939
2659,454699.0741596222
2660,795916.9428501129
2661,286126.786318779
2662,465625.6800441742
2663,269954.45826911926
2664,746226.7593374252
2665,521481.8952999115
2666,1155919.323720932
2667,550075.59034729
2668,755946.8402633667
2669,641667.8577365875
2670,409026.2991504669
2671,1527459.5322494507
2672,415350.4369878769
2673,730056.0318422318
2674,676646.4025726318
2675,338025.41930770874
2676,325302.1867904663
2677,702384.6283187866
2678,719152.3664245605
2679,692715.2610855103
2680,520574.19163799286
2681,1109837.9573392868
2682,481687.8153705597
2683,816047.9298477173
2684,483561.44673347473
2685,343253.22674274445
2686,420040.9188709259
2687,1052171.248550415
2688,504470.7242908478
2689,419984.77455616
2690,640257.7060861588
2691,918556.3233575821
2692,396654.09074783325
2693,365514.8248233795
2694,1505115.530798912
2695,342860.00323200226
2696,744882.0596456528
2697,1746859.7031593323
2698,782273.8739833832
2699,686955.3631677628
2700,554826.9475803375
2701,334741.3320579529
2702,490212.53389167786
2703,369646.20174980164
2704,243531.75616264343
2705,414732.89278793335
2706,462352.196685791
2707,333056.1411933899
2708,360944.2763156891
2709,742091.1708316803
2710,427077.89494514465
2711,481188.7830810547
2712,350656.51913261414
2713,536975.1526794434
2714,800869.9277076721
2715,1600994.670788765
2716,525168.2538948059
2717,803031.5136909485
2718,471836.5115919113
2719,542458.2207374573
2720,2148694.385032654
2721,366756.8023147583
2722,473873.89207839966
2723,365702.4725704193
2724,502486.8071346283
2725,444679.4110174179
2726,595457.4645433426
2727,354249.275472641
2728,387963.9859485626
2729,849113.7621870041
2730,744834.4091701508
2731,493731.41045188904
2732,449046.79915618896
2733,238339.40930747986
2734,537038.4146604538
2735,1319405.1964597702
2736,356454.9245071411
2737,490311.94633579254
2738,928628.7904615402
2739,417067.2707605362
2740,432825.17369937897
2741,508780.8387928009
2742,585371.2190542221
2743,558573.9943914413
2744,455563.408449173
2745,440790.51166534424
2746,422572.78505802155
2747,699158.7297019958
2748,280616.48879623413
2749,944207.7444877625
2750,604071.2888622284
2751,459108.5200481415
2752,906810.7865591049
2753,492709.5802497864
2754,393642.5798368454
2755,272880.0688390732
2756,468163.878030777
2757,710797.6951885223
2758,785810.0600309372
2759,866915.4928236008
2760,444016.58901691437
2761,232400.84989070892
2762,443637.53042030334
2763,458215.6483192444
2764,447486.439242363
2765,371190.57733917236
2766,431695.53750419617
2767,433299.9536123276
2768,289246.7779407501
2769,478014.0637359619
2770,415851.07970523834
2771,473070.39339351654
2772,443656.711810112
2773,356418.80524635315
2774,468479.4752817154
2775,419151.8851470947
2776,666567.1721076965
2777,582018.4255619049
2778,500258.27212142944
2779,1327324.1479759216
2780,475284.33791542053
2781,561013.0532989502
2782,1791562.561367035
2783,525760.6468143463
2784,683550.903002739
2785,454024.9724445343
2786,362164.97014808655
2787,637449.8879337311
2788,436076.04218673706
2789,461536.9068956375
2790,773071.3629665375
2791,471233.64905548096
2792,507069.79606056213
2793,537737.8499412537
2794,1044226.9876308441
2795,956876.9008579254
2796,530433.6071033478
2797,1063124.8549251556
2798,466699.9034919739
2799,392179.85078048706
2800,567037.7745761871
2801,380064.0587644577
2802,1927546.8181915283
2803,356443.03486824036
2804,868252.5350971222
2805,326839.75613975525
2806,1725754.5593862534
2807,451288.2274055481
2808,917947.1151227951
2809,359788.0093898773
2810,371548.78806877136
2811,861676.622209549
2812,535228.4384460449
2813,401295.3482618332
2814,573514.6710996628
2815,515788.14350891113
2816,502915.64566612244
2817,305456.5179605484
2818,846902.3662185669
2819,406324.58765125275
2820,378122.2878446579
2821,469013.0364084244
2822,439881.8626766205
2823,429701.4529361725
2824,764179.5492248535
2825,767145.9649457932
2826,420432.0311355591
2827,461941.45765304565
2828,419989.0586204529
2829,495259.2897968292
2830,559654.4570426941
2831,734922.5272169113
2832,538674.527516365
2833,346717.24483299255
2834,423602.2778530121
2835,1165435.4074869156
2836,889154.431763649
2837,468764.6218223572
2838,481234.5485935211
2839,628609.938117981
2840,382883.63768672943
2841,772409.4737596512
2842,425289.4845981598
2843,365028.5500307083
2844,449773.2367658615
2845,230248.18022346497
2846,1386741.0927391052
2847,595711.2824163437
2848,580416.1086301804
2849,360449.46883392334
2850,589812.0190677643
2851,741025.6963977814
2852,575363.4299592972
2853,1073071.0686311722
2854,704881.3625860214
2855,312355.31007289886
2856,414441.0180168152
2857,444668.98529052734
2858,1033098.0050086975
2859,491783.44766426086
2860,410707.12652873993
2861,285260.9219741821
2862,1326873.1112747192
2863,368692.3761501312
2864,2003504.3897075653
2865,393480.2976436615
2866,480226.4865474701
2867,781458.8907108307
2868,343586.33348464966
2869,371391.3000574112
2870,302818.04234313965
2871,939493.8539295197
2872,350050.601770401
2873,434677.5945510864
2874,400098.25857543945
2875,821271.641037941
2876,894230.9589262009
2877,567235.4188728333
2878,1291951.3858938217
2879,466797.2638349533
2880,787715.8991641998
2881,508139.15437602997
2882,784129.5417203903
2883,383459.1516075134
2884,878884.7889909744
2885,442739.75239372253
2886,500037.1022205353
2887,266470.6273832321
2888,794642.8287744522
2889,724170.77510643
2890,589729.1000127792
2891,584864.8401594162
2892,492170.4853372574
2893,319188.9691467285
2894,1287890.2902526855
2895,394674.72057914734
2896,495778.4968738556
2897,415847.8669986725
2898,497587.4053249359
2899,1089200.340932846
2900,427969.5102996826
2901,597052.6237373352
2902,485202.3889245987
2903,799557.903470993
2904,333123.87659454346
2905,803597.4573354721
2906,834409.2574958801
2907,1092387.4416446686
2908,835172.8656129837
2909,395352.43475341797
2910,718034.8255147934
2911,570941.5986213684
2912,673393.7578868866
2913,897995.6258230209
2914,668198.6666316986
2915,827005.8829565048
2916,498580.4799184799
2917,391373.1637916565
2918,423996.1358804703
2919,525545.0267839432
2920,787280.2121973038
2921,341204.2123889923
2922,257991.85546875
2923,461319.3744869232
2924,624718.0338420868
2925,486715.33528137207
2926,940410.0187997818
2927,471419.14123630524
2928,517684.71108722687
2929,448086.35050964355
2930,307769.1116428375
2931,449870.10448265076
2932,457169.8897228241
2933,566583.1227703094
2934,1643953.746747017
2935,890345.0960388184
2936,498818.10549640656
2937,414053.68567466736
2938,487010.58172416687
2939,560069.7882585526
2940,506116.2063436508
2941,445607.75613975525
2942,565319.5965585709
2943,2459833.8939437866
2944,609301.7653846741
2945,526125.139673233
2946,605131.1352014542
2947,611082.4064588547
2948,763759.9274663925
2949,620841.438999176
2950,428271.8658838272
2951,582878.3686685562
2952,402283.4085903168
2953,337771.83800792694
2954,1277713.2625102997
2955,711590.4575071335
2956,441862.0288543701
2957,1926057.404914856
2958,621548.423242569
2959,407853.82892513275
2960,891833.2130756378
2961,663669.6534986496
2962,749161.3040904999
2963,504299.486492157
2964,363944.98250198364
2965,465776.9444761276
2966,395203.42266082764
2967,1085799.4771652222
2968,603827.6197595596
2969,330000.9904384613
2970,396676.53303813934
2971,625657.5135335922
2972,761701.6671762466
2973,677218.5953845978
2974,688154.6836509705
2975,498101.03702640533
2976,423203.52448654175
2977,841735.6789550781
2978,462207.88252449036
2979,335733.26685523987
2980,584485.5119686127
2981,356595.75859737396
2982,516644.40211105347
2983,387084.3927631378
2984,308928.5577983856
2985,1023258.6642303467
2986,378741.33811569214
2987,410177.21860313416
2988,797538.1739768982
2989,377636.63282585144
2990,865364.4661540985
2991,546089.1392250061
2992,232946.23782634735
2993,474095.4362974167
2994,309338.70296669006
2995,443313.4943742752
2996,334332.4630346298
2997,320831.6899843216
2998,463534.80579662323
2999,416970.1303100586
3000,901192.33340168
3001,298964.9240474701
3002,517927.67205905914
3003,353891.9535923004
3004,248841.1622505188
3005,2083790.4426021576
3006,1540748.132133484
3007,306442.7381801605
3008,287803.8779993057
3009,455554.0457210541
3010,436825.32389068604
3011,482318.627702713
3012,698728.8188762665
3013,482034.3002586365
3014,336176.68799209595
3015,707912.1018829346
3016,557290.1296100616
3017,544780.9361228943
3018,430208.5688533783
3019,772186.8411388397
3020,496398.16626262665
3021,506827.02804374695
3022,425045.0339231491
3023,343494.7524166107
3024,212337.56897354126
3025,470107.96469306946
3026,650538.915389061
3027,742751.9875802994
3028,623126.766046524
3029,357329.308804512
3030,470627.35270023346
3031,254026.86869716644
3032,1496646.560207367
3033,496067.20681762695
3034,344431.71068286896
3035,2452343.646091461
3036,2026462.343219757
3037,527276.9001054764
3038,427894.20074653625
3039,540225.9765911102
3040,403316.29626369476
3041,483529.6235408783
3042,461977.6158180237
3043,350938.7323999405
3044,402544.0071926117
3045,337212.3139820099
3046,397738.36104106903
3047,483599.5588207245
3048,371520.196890831
3049,361984.999581337
3050,1657285.2031488419
3051,868818.0230617523
3052,1338706.0243501663
3053,716113.6796293259
3054,931888.1846599579
3055,1237617.0716657639
3056,440950.17629528046
3057,376967.48896598816
3058,358830.3212003708
3059,646478.7933578491
3060,653417.5053510666
3061,452974.3481826782
3062,426479.19891929626
3063,366759.40274238586
3064,383020.6384048462
3065,779250.7242574692
3066,350869.1658668518
3067,804636.3396234512
3068,638184.0686216354
3069,347454.31857585907
3070,397392.3349981308
3071,494396.1900653839
3072,506647.6141347885
3073,614675.0111064911
3074,433789.0882501602
3075,346483.5485782623
3076,584898.9243011475
3077,458731.29394340515
3078,625319.730383873
3079,920971.1820640564
3080,862777.1364173889
3081,746298.57929039
3082,305069.3773365021
3083,838165.9769048691
3084,468695.3285121918
3085,589688.4132995605
3086,641767.135222435
3087,568121.9917211533
3088,773306.2947731018
3089,413476.2281703949
3090,420766.77674102783
3091,1134247.6227912903
3092,509558.8935222626
3093,409547.91219711304
3094,297119.6530075073
3095,346970.7032546997
3096,299169.07822036743
3097,568666.5455465317
3098,361249.07735061646
3099,464353.7486858368
3100,294537.19340133667
3101,831743.1259527206
3102,605562.4009695053
3103,320866.23784542084
3104,458810.46200561523
3105,274655.9116563797
3106,1106317.0587358475
3107,495951.6590747833
3108,661841.483994484
3109,556257.1027364731
3110,338882.99528312683
3111,481113.5940666199
3112,491255.6903734207
3113,335489.07869529724
3114,764151.9688835144
3115,471392.2520751953
3116,381038.59990501404
3117,929851.0649375916
3118,449186.2277212143
3119,426714.71749305725
3120,293948.99071884155
3121,651722.1542749405
3122,549485.8755207062
3123,408130.70409202576
3124,826301.9201307297
3125,478645.1177558899
3126,242984.44946575165
3127,755988.5229158401
3128,617185.4141893387
3129,617123.4001512527
3130,536748.5526885986
3131,914828.4719276428
3132,1037827.3363075256
3133,320271.32225990295
3134,441609.5681171417
3135,1186299.5400543213
3136,826104.184545517
3137,362674.28905391693
3138,839633.1252889633
3139,608255.4536676407
3140,813859.4431018829
3141,356596.80280303955
3142,378975.47457408905
3143,465876.17576408386
3144,1092125.4552440643
3145,532169.4422359467
3146,599981.0142412186
3147,473658.79942417145
3148,529313.7129325867
3149,593825.911105156
3150,431637.6356039047
3151,3121255.9586105347
3152,411130.3212566376
3153,448464.6609649658
3154,736785.4852237701
3155,547712.4850540161
3156,446465.8011236191
3157,313171.9600715637
3158,463055.9922809601
3159,368647.16509342194
3160,638364.4106121063
3161,665971.3716955185
3162,1857111.4044570923
3163,704968.4513063431
3164,485949.46319389343
3165,656157.3900585175
3166,446917.5236749649
3167,762106.0900888443
3168,1118162.6973609924
3169,479209.8941516876
3170,1921416.9404735565
3171,559932.9212150574
3172,366101.57720279694
3173,477433.6764116287
3174,409506.21650123596
3175,643526.9159326553
3176,729209.4102582932
3177,766023.0123109818
3178,850338.031121254
3179,525531.1989536285
3180,324193.06579208374
3181,1268501.0405273438
3182,579903.090555191
3183,523650.5424938202
3184,480684.38366889954
3185,418569.8906183243
3186,478442.7407722473
3187,446898.1954421997
3188,429455.7241458893
3189,286373.8190956116
3190,444139.4620742798
3191,387781.56573963165
3192,422694.5820827484
3193,536481.4818553925
3194,792911.7030725479
3195,450473.5552101135
3196,640393.0512943268
3197,698921.618516922
3198,902316.1142539978
3199,928755.4836578369
3200,410615.72875881195
3201,567469.8737812042
3202,582344.5549039841
3203,920516.8347320557
3204,406333.1707544327
3205,402645.74592494965
3206,721982.963145256
3207,501154.7470188141
3208,456432.7542438507
3209,719533.6172933578
3210,1184178.053202629
3211,903346.0197172165
3212,561278.4232969284
3213,306857.012799263
3214,315096.8710708618
3215,539128.4390583038
3216,431783.50872612
3217,298572.70405960083
3218,430618.2841129303
3219,632555.4111537933
3220,470074.7717809677
3221,500191.3369817734
3222,302609.10385608673
3223,428577.1376256943
3224,398445.5297050476
3225,784724.217414856
3226,425134.3263311386
3227,379163.1296186447
3228,1078131.4659843445
3229,406010.30396461487
3230,1096204.1989984512
3231,422362.18801784515
3232,576485.4602174759
3233,481760.4169960022
3234,528559.8723888397
3235,446284.11001491547
3236,445161.4485387802
3237,1538228.7717294693
3238,376347.1129684448
3239,556819.7168970108
3240,890495.5581407547
3241,620713.0855436325
3242,480114.0579891205
3243,282880.44670677185
3244,1437151.6156349182
3245,1719837.316652298
3246,414054.54642772675
3247,239464.77962493896
3248,342169.2879829407
3249,300128.2495241165
3250,452310.7144870758
3251,470355.3319158554
3252,684467.8344020844
3253,462383.01954460144
3254,432111.47491168976
3255,404065.3474187851
3256,430103.66582489014
3257,412839.73896217346
3258,550728.3841791153
3259,468859.65553474426
3260,397003.24748802185
3261,405725.6268939972
3262,332165.4671316147
3263,378813.56803131104
3264,483915.9117336273
3265,379982.7433719635
3266,442391.10949897766
3267,393524.46928596497
3268,617387.5238752365
3269,388295.4841327667
3270,817180.9613771439
3271,440033.65214824677
3272,366575.86288261414
3273,1777424.337627411
3274,477286.9190979004
3275,491576.07998275757
3276,515370.7032394409
3277,530126.1088066101
3278,415988.11863422394
3279,1246300.5878009796
3280,395173.02812957764
3281,419235.9121875763
3282,455137.84693050385
3283,344768.82794094086
3284,379727.8758687973
3285,466438.3810119629
3286,552861.2156143188
3287,888388.7851009369
3288,1661708.6320915222
3289,278779.7961330414
3290,322152.3905239105
3291,360168.7123746872
3292,420291.5051059723
3293,895177.7560186386
3294,432380.74702739716
3295,565710.6960134506
3296,433359.88569641113
3297,956932.5848436356
3298,306059.21848392487
3299,422041.5643234253
3300,664569.6784791946
3301,217078.48071575165
3302,861858.6322803497
3303,1109525.0703878403
3304,506832.046169281
3305,463149.22517871857
3306,663539.7365465164
3307,426742.562792778
3308,406179.82890987396
3309,479984.5428991318
3310,439112.83251953125
3311,536704.1532182693
3312,494091.9198446274
3313,341520.46260261536
3314,441494.72780513763
3315,330008.4234428406
3316,354545.4809246063
3317,528175.2793569565
3318,813582.5821752548
3319,988824.1350793839
3320,371894.5180358887
3321,552464.796248436
3322,278374.5228815079
3323,268858.482424736
3324,437052.85828590393
3325,455294.2140598297
3326,347776.4523973465
3327,278659.0024318695
3328,440227.69174671173
3329,901418.2674303055
3330,933183.7585191727
3331,456537.16148757935
3332,620657.2576141357
3333,1231800.008731842
3334,507927.42112731934
3335,892955.4357175827
3336,449190.09679222107
3337,449618.61186122894
3338,481254.91965293884
3339,468019.50505924225
3340,235622.12684631348
3341,462951.9966249466
3342,496340.6001186371
3343,541266.1998825073
3344,429853.03241825104
3345,762582.3502502441
3346,390841.68252182007
3347,413760.7293920517
3348,232708.58901405334
3349,498006.5252981186
3350,856836.4617233276
3351,364382.2898054123
3352,463273.34781455994
3353,589868.3804197311
3354,461658.1377735138
3355,704016.8790140152
3356,696114.0600261688
3357,467527.7041540146
3358,477858.79937553406
3359,377472.94874572754
3360,509993.0580625534
3361,1090378.560330391
3362,558022.9592151642
3363,348350.92621040344
3364,505283.8475074768
3365,807943.4903039932
3366,818983.2766561508
3367,454893.4415588379
3368,616588.0251893997
3369,390493.33875751495
3370,347448.46747016907
3371,982829.2881669998
3372,576537.9952888489
3373,328065.8653783798
3374,1961172.9687576294
3375,441820.6588277817
3376,826697.6407966614
3377,514807.7727804184
3378,459218.3644332886
3379,466366.93337631226
3380,472448.9438495636
3381,334877.0418586731
3382,460028.08222198486
3383,437263.58380031586
3384,976978.7410583496
3385,576988.8389110565
3386,874770.2519016266
3387,302133.2379465103
3388,355323.17482566833
3389,711797.3346767426
3390,252225.52319908142
3391,909565.2787504196
3392,793075.4234313965
3393,468165.59596920013
3394,554878.4724435806
3395,1281458.1026115417
3396,276168.41366767883
3397,454799.0457248688
3398,490237.0435400009
3399,293061.8713083267
3400,380051.72484207153
3401,379438.2791662216
3402,548469.9738941193
3403,477185.8325481415
3404,626052.9221324921
3405,790214.5049495697
3406,478401.1686639786
3407,376916.9646806717
3408,723686.2533683777
3409,257178.77541351318
3410,710151.1028776169
3411,420344.2592391968
3412,294275.6547422409
3413,1328361.8111743927
3414,665773.3202810287
3415,400501.31189250946
3416,322317.34865760803
3417,491285.3007850647
3418,378273.38986492157
3419,418646.3608160019
3420,454774.9364671707
3421,487071.80699539185
3422,540999.7983531952
3423,552053.8690977097
3424,330794.6557455063
3425,478656.00119686127
3426,423649.05097293854
3427,361216.02427482605
3428,475451.51053619385
3429,551946.8623104095
3430,355440.0966014862
3431,577843.4660205841
3432,910333.2817554474
3433,480480.880030632
3434,563337.0273571014
3435,455002.640871048
3436,687762.7532215118
3437,626213.1985998154
3438,366612.23899555206
3439,1240145.4259576797
3440,730770.1911592484
3441,318685.84433174133
3442,640299.964712143
3443,716236.5755910873
3444,501010.1580629349
3445,342563.10639953613
3446,262264.17702293396
3447,568005.5584526062
3448,1331996.7827043533
3449,541554.2759876251
3450,391413.23251724243
3451,287607.21385383606
3452,421299.37985515594
3453,324258.6217098236
3454,420473.90744400024
3455,644870.7762823105
3456,450452.86280059814
3457,348873.80575561523
3458,535994.8487682343
3459,445055.97537231445
3460,374715.81896686554
3461,1100031.929432869
3462,230698.3256111145
3463,594660.3435668945
3464,665843.2883071899
3465,807956.3127126694
3466,325395.4123477936
3467,357891.1228494644
3468,403662.6660270691
3469,244627.48012065887
3470,605245.8181848526
3471,762541.9833869934
3472,1079515.3274374008
3473,582629.2180948257
3474,347892.08975982666
3475,798601.060005188
3476,558895.027516365
3477,2404088.9899578094
3478,309947.98347854614
3479,777666.5527706146
3480,677751.0899858475
3481,439425.94196891785
3482,482679.85779571533
3483,470559.8884706497
3484,477110.8273744583
3485,582569.6844797134
3486,649377.9892644882
3487,259405.1988582611
3488,684677.1570501328
3489,398561.744764328
3490,399704.2679748535
3491,335512.8972854614
3492,735360.0650091171
3493,674144.0235090256
3494,609583.3343858719
3495,509739.4410715103
3496,470390.1675300598
3497,468298.4487848282
3498,545574.4731616974
3499,461190.3570022583
3500,402703.2394504547
3501,687764.2339687347
3502,467634.6052379608
3503,547401.7602233887
3504,668442.3121166229
3505,397957.78185272217
3506,266796.06402397156
3507,394975.32579135895
3508,592139.058259964
3509,488446.5732488632
3510,519423.47428894043
3511,625776.3649015427
3512,412726.1684408188
3513,630602.5836925507
3514,380715.04559898376
3515,437798.56809043884
3516,427582.432100296
3517,333525.3822154999
3518,380022.20202064514
3519,1058976.1609859467
3520,367660.84030628204
3521,579253.815202713
3522,383560.698718071
3523,1258104.263578415
3524,347294.21519088745
3525,548411.9594287872
3526,869670.1072711945
3527,420462.8716392517
3528,1020796.3737754822
3529,348947.4989852905
3530,396291.99482917786
3531,696782.0964565277
3532,750618.4429101944
3533,1189314.6976070404
3534,1158981.9630527496
3535,383020.6384048462
3536,818240.2697677612
3537,383847.3084859848
3538,1062824.8750228882
3539,718312.805150032
3540,1743147.6303787231
3541,484965.9972000122
3542,478352.3871974945
3543,284194.29790496826
3544,469177.8020029068
3545,526566.1838340759
3546,447672.54329681396
3547,757991.3811531067
3548,1270114.3206672668
3549,379809.0308494568
3550,731698.6465473175
3551,1239185.8920555115
3552,460987.5236606598
3553,883818.2556219101
3554,503107.3051071167
3555,436138.8906297684
3556,447541.71424102783
3557,520620.24981689453
3558,294672.45670318604
3559,361221.7228317261
3560,444270.5127315521
3561,373877.3625717163
3562,1036733.0106754303
3563,370836.71625328064
3564,633752.7721881866
3565,437060.336019516
3566,535068.3242578506
3567,681526.2692728043
3568,424384.1805419922
3569,422011.7767057419
3570,375859.4600162506
3571,570198.8407125473
3572,412977.576417923
3573,658155.8528108597
3574,1165142.739391327
3575,917049.5769300461
3576,885011.4327001572
3577,316037.9732437134
3578,473319.03809165955
3579,543816.0005130768
3580,432349.6777229309
3581,561758.4580955505
3582,545157.4630918503
3583,395855.4267139435
3584,789758.514251709
3585,514278.1874513626
3586,276842.67234802246
3587,553314.4203739166
3588,207594.27842903137
3589,405839.5775499344
3590,499384.0159931183
3591,607451.2413902283
3592,929698.3050708771
3593,475672.330739975
3594,321832.5221147537
3595,562582.9599456787
3596,429399.1029920578
3597,483581.9408817291
3598,415243.1091966629
3599,425190.37166023254
3600,514355.50745487213
3601,453170.90650177
3602,677302.7630710602
3603,459600.3700027466
3604,785743.2935400009
3605,850138.2203502655
3606,283723.5771255493
3607,1270251.8211231232
3608,834182.3374824524
3609,361978.63346862793
3610,445821.6168346405
3611,615084.7262620926
3612,703568.4739198685
3613,374150.61960983276
3614,540480.7866840363
3615,467571.85315704346
3616,256862.62508296967
3617,301925.80559158325
3618,374813.710729599
3619,693982.1726551056
3620,344207.03069114685
3621,502810.6934957504
3622,368665.4338312149
3623,352294.38653182983
3624,453418.4482154846
3625,318554.2953052521
3626,377801.53139305115
3627,438392.1364707947
3628,417031.96821784973
3629,331554.8723716736
3630,1364522.3706521988
3631,1196096.6684246063
3632,417814.0784473419
3633,958208.4928627014
3634,403813.8757982254
3635,230903.24474048615
3636,473721.21388816833
3637,635763.0251369476
3638,314988.01376342773
3639,512227.2856464386
3640,496768.7500934601
3641,369741.98202323914
3642,279102.3191356659
3643,1012239.6455640793
3644,1073858.5525093079
3645,533999.1423768997
3646,397848.33172798157
3647,465354.77523708344
3648,421651.7141227722
3649,553710.1131162643
3650,968084.8291006088
3651,438884.05963897705
3652,440426.44969177246
3653,329897.791554451
3654,990040.6609592438
3655,748972.4507598877
3656,266235.84307193756
3657,403735.28465652466
3658,566438.4623441696
3659,625166.1432685852
3660,435594.3244380951
3661,423429.44384002686
3662,487915.5943031311
3663,449315.62096977234
3664,524753.3094654083
3665,412586.54256629944
3666,806869.7957496643
3667,368107.13353824615
3668,411411.89287757874
3669,361755.44633579254
3670,431310.4103946686
3671,469718.7138261795
3672,202978.60741901398
3673,461625.68700408936
3674,465356.0322408676
3675,372330.97391700745
3676,1218651.729604721
3677,717174.8526659012
3678,373296.24544525146
3679,250036.19278144836
3680,466126.4653072357
3681,656475.0436296463
3682,357803.18793964386
3683,1624221.2116880417
3684,949004.6530580521
3685,740567.0239439011
3686,493719.2270374298
3687,403296.83385944366
3688,361064.83206272125
3689,472775.59876441956
3690,469214.0131587982
3691,1005596.0197944641
3692,1301981.8030929565
3693,331139.449262619
3694,673844.0214090347
3695,313401.70694351196
3696,402198.365855217
3697,608070.7931756973
3698,832385.2182044983
3699,633188.7567071915
3700,429419.17759513855
3701,574105.0174751282
3702,487357.7306289673
3703,548773.8233261108
3704,554867.4599819183
3705,398234.292137146
3706,1287269.450958252
3707,1194190.8957128525
3708,630411.1586065292
3709,345294.7712030411
3710,428462.11175632477
3711,800919.4117860794
3712,479478.8428630829
3713,487444.56453323364
3714,478780.1023159027
3715,387762.9608678818
3716,342212.0496940613
3717,437956.4130868912
3718,499080.7047023773
3719,832367.0102968216
3720,635883.8745031357
3721,852550.0638618469
3722,580560.5761699677
3723,865413.5154314041
3724,287953.2313899994
3725,326264.5255908966
3726,326493.46682548523
3727,496675.0710887909
3728,336009.1503715515
3729,459956.0911769867
3730,470437.317489624
3731,531345.2535829544
3732,511695.8138933182
3733,425197.3608045578
3734,1487494.6833953857
3735,545029.4617462158
3736,472509.5002603531
3737,397476.42324256897
3738,319966.01705646515
3739,314554.15508270264
3740,867096.1606836319
3741,451204.0622177124
3742,593334.8677825928
3743,962813.4785346985
3744,1132860.094236374
3745,470154.0670890808
3746,599288.8464021683
3747,325537.72716903687
3748,352257.59815979004
3749,395119.66918849945
3750,1889362.7145996094
3751,373808.7943878174
3752,226097.9614124298
3753,296834.9605617523
3754,350111.55233192444
3755,450519.97570228577
3756,449056.1493616104
3757,367077.29967308044
3758,563029.2536725998
3759,815211.4488430023
3760,2632208.0200424194
3761,446556.0194597244
3762,970742.3980131149
3763,602855.6963672638
3764,559583.3809099197
3765,493243.092833519
3766,303432.32901763916
3767,1030204.6875333786
3768,360872.3825016022
3769,654027.2269983292
3770,583489.8360567093
3771,427334.0789718628
3772,582393.1391305923
3773,584556.235947609
3774,980804.9628219604
3775,337651.09080028534
3776,865026.7347240448
3777,412010.02480602264
3778,389630.0205221176
3779,399524.05198669434
3780,334894.3004026413
3781,626148.2821159363
3782,688722.2736654282
3783,586881.3765792847
3784,467861.2257461548
3785,521453.576341629
3786,541321.0315313339
3787,428785.0986709595
3788,373144.4184856415
3789,306473.9116420746
3790,366303.5810594559
3791,414793.2460975647
3792,717167.4938678741
3793,450938.0278196335
3794,658538.7675495148
3795,693775.7477836609
3796,455806.19828414917
3797,194347.92432022095
3798,645526.3328084946
3799,389136.72036647797
3800,682558.1207561493
3801,510247.6296749115
3802,281168.8233766556
3803,259969.27498435974
3804,534392.7242393494
3805,216764.47925949097
3806,466470.8873691559
3807,810484.5021066666
3808,498455.6071548462
3809,449611.93700408936
3810,616263.4996681213
3811,372294.23277664185
3812,748973.8914289474
3813,478849.1159210205
3814,581627.9339122772
3815,1095390.9973754883
3816,388940.1112804413
3817,342285.53738212585
3818,397661.8316936493
3819,300332.7942495346
3820,432798.2832965851
3821,558776.4707975388
3822,646188.157995224
3823,470340.80808258057
3824,934535.1556863785
3825,444313.90065956116
3826,519467.1886739731
3827,333568.8696594238
3828,692989.5565519333
3829,673204.2834568024
3830,724089.3704309464
3831,501961.3085756302
3832,639487.3171491623
3833,510757.50658512115
3834,286275.34016799927
3835,605465.7730312347
3836,429480.90266799927
3837,369580.6822795868
3838,798607.654920578
3839,389417.60981941223
3840,522158.46917915344
3841,526326.0833444595
3842,406185.71195983887
3843,485371.4966096878
3844,427835.99645233154
3845,303128.47398757935
3846,579039.455403328
3847,343961.67250061035
3848,489368.67939567566
3849,380031.84635448456
3850,248207.07826328278
3851,1211396.0080442429
3852,429606.9642429352
3853,875893.957531929
3854,750921.3745193481
3855,1084318.2163934708
3856,593143.3010444641
3857,947894.9927482605
3858,1658943.1995239258
3859,1016561.4323787689
3860,1277924.8257522583
3861,312643.8854904175
3862,440200.0453853607
3863,694831.470249176
3864,1148661.1947565079
3865,290112.27609825134
3866,357620.89266967773
3867,685349.8126220703
3868,886617.9719610214
3869,466891.5563287735
3870,482386.3061542511
3871,453806.6696090698
3872,838600.5060882568
3873,1118097.3120698929
3874,369376.70761299133
3875,611886.6250591278
3876,1177785.4608097076
3877,173573.75232887268
3878,518724.6130838394
3879,842264.4450044632
3880,278186.4462480545
3881,663278.2787342072
3882,625966.086525917
3883,646694.2127637863
3884,765643.3817882538
3885,845967.7138814926
3886,643701.2315254211
3887,502541.6263399124
3888,826684.1481256485
3889,695951.1514501572
3890,462583.3507595062
3891,597587.6613197327
3892,299676.7619667053
3893,370250.24193382263
3894,438357.13255500793
3895,312299.141122818
3896,622399.7894086838
3897,349896.39313697815
3898,493498.3688402176
3899,464697.56915283203
3900,326297.8752222061
3901,427007.78596687317
3902,569494.9314413071
3903,646313.7981948853
3904,380364.59914779663
3905,422276.5155887604
3906,877854.8914375305
3907,445931.10062503815
3908,539729.5989751816
3909,512437.8515300751
3910,510811.6194972992
3911,2256475.600596428
3912,661377.2204179764
3913,412321.90011405945
3914,780432.1698265076
3915,446972.03739738464
3916,421242.46823215485
3917,860504.701497078
3918,1170459.0750198364
3919,374588.2931070328
3920,430091.6877422333
3921,482661.1265144348
3922,441594.4264059067
3923,513428.7724494934
3924,696418.7199831009
3925,313140.66006469727
3926,406228.90554237366
3927,388378.09418201447
3928,462106.8852787018
3929,808516.6071863174
3930,398090.9070930481
3931,226848.43892288208
3932,384329.4346485138
3933,503531.65249061584
3934,443593.1236753464
3935,501661.92538166046
3936,389537.41361808777
3937,1206592.609541893
3938,390623.6238861084
3939,461433.0262556076
3940,366372.8371658325
3941,456702.24186706543
3942,296839.205116272
3943,594134.577911377
3944,623482.4556684494
3945,832635.0229063034
3946,351596.8250131607
3947,756909.9329547882
3948,329523.63539123535
3949,331447.20125484467
3950,515732.46052742004
3951,458031.86278533936
3952,420773.308423996
3953,675558.4275274277
3954,465648.413939476
3955,379398.92377758026
3956,458427.21171474457
3957,436208.16131973267
3958,621906.8604745865
3959,636786.8712720871
3960,621165.0187940598
3961,497297.82198143005
3962,352068.8155632019
3963,531868.9641056061
3964,763863.1734685898
3965,472094.92645072937
3966,279440.1101360321
3967,553625.876917839
3968,1433064.458141327
3969,425641.10968494415
3970,583341.8861684799
3971,805274.8912334442
3972,501497.72239112854
3973,500331.30451869965
3974,600287.0482330322
3975,470248.3928632736
3976,453825.94685554504
3977,427820.2012195587
3978,435224.22591495514
3979,369422.42994594574
3980,493470.749332428
3981,452534.66031074524
3982,456513.4476585388
3983,756765.6349544525
3984,561668.3030414581
3985,592661.3682928085
3986,372541.89842414856
3987,407497.2303390503
3988,305183.57300662994
3989,380072.82977104187
3990,478924.8666305542
3991,468378.26838874817
3992,583529.8892946243
3993,1175052.93176651
3994,605633.1925048828
3995,489269.34645080566
3996,389489.6884841919
3997,652914.706993103
3998,575690.1047840118
3999,401806.00894641876
4000,513859.89178943634
4001,426701.6020755768
4002,311736.16111183167
4003,356076.92199897766
4004,669593.5350866318
4005,298136.81201934814
4006,492101.8011522293
4007,666505.6445302963
4008,419867.1643476486
4009,439235.32433605194
4010,318568.74851608276
4011,550396.9276094437
4012,440750.13437366486
4013,319355.6320953369
4014,606896.4894170761
4015,404472.3581523895
4016,521908.7020511627
4017,320688.2043247223
4018,529728.8376865387
4019,601353.2508354187
4020,1667775.222826004
4021,465688.23333740234
4022,468135.3443880081
4023,525555.433300972
4024,554989.7008924484
4025,375727.721200943
4026,1405097.5816640854
4027,577822.586648941
4028,573952.7010984421
4029,539408.5346651077
4030,709168.5883483887
4031,1462359.3673725128
4032,1013465.8442792892
4033,1226954.6872386932
4034,310959.4951438904
4035,820606.5360383987
4036,273916.1428527832
4037,864091.9762830734
4038,904161.2202224731
4039,504980.0016307831
4040,816989.712641716
4041,356051.99886131287
4042,354053.7731189728
4043,1780257.965209961
4044,300554.45499134064
4045,365700.9853153229
4046,454345.03893852234
4047,441463.05023384094
4048,401380.5905389786
4049,446536.9312801361
4050,358385.59555625916
4051,705674.9279003143
4052,538797.7515592575
4053,352253.80228328705
4054,466607.60245132446
4055,576730.3183641434
4056,829708.1966867447
4057,412872.8328361511
4058,463262.4271697998
4059,509552.345076561
4060,829767.1996021271
4061,620671.1240634918
4062,437379.3522157669
4063,614060.4404439926
4064,530345.6228132248
4065,882830.9731302261
4066,323099.53468322754
4067,916969.5091152191
4068,483189.0353498459
4069,670207.9968366623
4070,310082.98986434937
4071,445447.6477918625
4072,343211.89482688904
4073,618540.9429416656
4074,466656.9507789612
4075,390630.0530166626
4076,377801.72816467285
4077,646527.8336677551
4078,1462142.5891399384
4079,520975.4735546112
4080,388091.59697914124
4081,539438.4120998383
4082,1441551.735671997
4083,168268.3337726593
4084,866085.5690507889
4085,1004979.8683853149
4086,377474.95475673676
4087,407222.8659801483
4088,394614.55656147003
4089,449035.07408332825
4090,474957.8061723709
4091,429536.80893707275
4092,465781.25234508514
4093,1162312.4191303253
4094,510005.7670402527
4095,462627.31304359436
4096,593018.0751953125
4097,389494.6342391968
4098,410379.47798347473
4099,393230.8834218979
4100,308436.22689533234
4101,247242.7794599533
4102,354181.5767097473
4103,414928.7015180588
4104,821439.6024942398
4105,551122.7757377625
4106,586936.9708280563
4107,431625.3827600479
4108,394723.35426330566
4109,689415.4695396423
4110,308150.37914180756
4111,394873.7289867401
4112,336463.0273666382
4113,825066.924328804
4114,350161.81509685516
4115,429400.67913627625
4116,464755.3759326935
4117,303678.6232318878
4118,525325.0557060242
4119,375816.3345222473
4120,740241.2817907333
4121,339680.433095932
4122,340880.1311740875
4123,657641.102763176
4124,844906.9560079575
4125,360090.9705438614
4126,454199.20533180237
4127,483052.1940879822
4128,779195.0351676941
4129,621930.6512699127
4130,295809.14685344696
4131,472340.90052604675
4132,333637.5990810394
4133,527323.8366937637
4134,985114.9690485001
4135,869347.6756343842
4136,957348.2216558456
4137,459803.5209169388
4138,461842.4021015167
4139,405114.4773635864
4140,601263.2830648422
4141,764441.2814102173
4142,758384.9888553619
4143,540844.5805597305
4144,446023.2732925415
4145,482444.2846136093
4146,417255.5698566437
4147,402842.4889097214
4148,543334.548989296
4149,588034.4054660797
4150,457441.5256996155
4151,835206.113240242
4152,511014.11785030365
4153,394195.4586353302
4154,428273.40308380127
4155,452321.37990665436
4156,325797.97376060486
4157,399987.5377445221
4158,497186.3295536041
4159,652396.4171972275
4160,784550.1303825378
4161,306882.5877151489
4162,410200.4095697403
4163,322163.53599357605
4164,450153.545091629
4165,400266.98504447937
4166,421465.8490562439
4167,487100.0068035126
4168,458860.0202693939
4169,494187.0678100586
4170,1294357.7352399826
4171,721147.1339054108
4172,450965.6745080948
4173,325657.181347847
4174,491341.04766464233
4175,813946.0653781891
4176,505805.52136039734
4177,1733590.936302185
4178,706638.6618642807
4179,1118797.6893339157
4180,437700.1895160675
4181,602865.1572761536
4182,360848.32738399506
4183,988692.5722494125
4184,449643.38481616974
4185,311394.17960739136
4186,444410.1240119934
4187,966445.4516496658
4188,604325.7862606049
4189,333816.2920150757
4190,455823.6787490845
4191,570744.2206478119
4192,649724.3426818848
4193,528865.6088867188
4194,855693.1257829666
4195,1441089.2562885284
4196,1134856.2910079956
4197,537001.6887331009
4198,673394.2346487045
4199,444321.2489871979
4200,533022.3025741577
4201,428963.20739746094
4202,595294.7575855255
4203,786459.8625459671
4204,1268842.2512044907
4205,751418.8541088104
4206,699580.4132108688
4207,461142.0115737915
4208,478564.2137145996
4209,1040305.2101221085
4210,525543.6961011887
4211,974161.060751915
4212,540425.6757173538
4213,559101.6315584183
4214,742904.7090616226
4215,1587046.0043525696
4216,2230242.2715148926
4217,446373.8401660919
4218,483118.7995300293
4219,537675.4972629547
4220,408980.081243515
4221,510872.5769634247
4222,405768.0336074829
4223,505022.60944366455
4224,1420356.4645719528
4225,854120.386338234
4226,412776.75273036957
4227,442044.5409231186
4228,481933.27035331726
4229,382309.2234516144
4230,1266585.0601654053
4231,1306154.2854938507
4232,448584.3308916092
4233,541433.5920877457
4234,862885.7958021164
4235,1086586.7071533203
4236,302980.1569452286
4237,694467.5969686508
4238,505841.25333976746
4239,750547.4224805832
4240,1883166.5511360168
4241,313005.5447664261
4242,1187294.1769428253
4243,584764.5108385086
4244,478410.1529445648
4245,245347.74494838715
4246,300034.0342655182
4247,379403.8365421295
4248,361504.23660469055
4249,450724.76599502563
4250,1525356.0755844116
4251,352087.3909225464
4252,764825.9060821533
4253,400805.49353408813
4254,465368.63272857666
4255,363368.370470047
4256,529373.0012083054
4257,435748.97946357727
4258,731442.4388771057
4259,447628.6612186432
4260,338971.6033401489
4261,1360583.7075481415
4262,526724.0954990387
4263,494378.7515516281
4264,486992.162273407
4265,457269.73278427124
4266,418665.5566635132
4267,438327.0776834488
4268,552042.7175073624
4269,381779.5780544281
4270,639331.5221204758
4271,1009381.1948032379
4272,617031.0896368027
4273,374761.5600786209
4274,599383.3718118668
4275,303650.0919895172
4276,486734.3397350311
4277,600153.2230205536
4278,1156204.4958953857
4279,406324.46217155457
4280,328291.9169025421
4281,585923.2519989014
4282,391057.4361143112
4283,847218.6405248642
4284,524187.31909942627
4285,386911.15936279297
4286,2755802.8939819336
4287,646392.6800498962
4288,366363.659781456
4289,649959.8837757111
4290,557602.2826576233
4291,568066.9081830978
4292,434464.7023410797
4293,356440.05980205536
4294,327696.48824596405
4295,272961.62448215485
4296,447659.8487854004
4297,533134.1784715652
4298,414374.02439308167
4299,357168.89240932465
4300,1410468.3013458252
4301,556133.7271356583
4302,445030.96221256256
4303,1219803.9161968231
4304,387139.4214286804
4305,450898.9189491272
4306,642107.8886232376
4307,990717.0203857422
4308,572141.0108671188
4309,929028.579372406
4310,1654976.7336349487
4311,515220.9493255615
4312,318226.07517528534
4313,468659.2515563965
4314,522187.8550338745
4315,544332.725810051
4316,906995.5048303604
4317,420598.0513153076
4318,499101.0817089081
4319,486852.0006055832
4320,399435.7645931244
4321,418343.1806488037
4322,405354.9841995239
